-- phpMyAdmin SQL Dump
-- version 4.1.14
-- http://www.phpmyadmin.net
--
-- Host: 127.0.0.1
-- Generation Time: Jun 07, 2016 at 02:04 PM
-- Server version: 5.6.17
-- PHP Version: 5.5.12

SET SQL_MODE = "NO_AUTO_VALUE_ON_ZERO";
SET time_zone = "+00:00";


/*!40101 SET @OLD_CHARACTER_SET_CLIENT=@@CHARACTER_SET_CLIENT */;
/*!40101 SET @OLD_CHARACTER_SET_RESULTS=@@CHARACTER_SET_RESULTS */;
/*!40101 SET @OLD_COLLATION_CONNECTION=@@COLLATION_CONNECTION */;
/*!40101 SET NAMES utf8 */;

--
-- Database: `consulatekenya`
--

-- --------------------------------------------------------

--
-- Table structure for table `ci_sessions`
--

CREATE TABLE IF NOT EXISTS `ci_sessions` (
  `session_id` varchar(40) NOT NULL DEFAULT '0',
  `ip_address` varchar(45) NOT NULL DEFAULT '0',
  `user_agent` varchar(120) NOT NULL,
  `last_activity` int(10) unsigned NOT NULL DEFAULT '0',
  `user_data` text NOT NULL,
  PRIMARY KEY (`session_id`),
  KEY `last_activity_idx` (`last_activity`)
) ENGINE=InnoDB DEFAULT CHARSET=latin1;

--
-- Dumping data for table `ci_sessions`
--

INSERT INTO `ci_sessions` (`session_id`, `ip_address`, `user_agent`, `last_activity`, `user_data`) VALUES
('026e177e29fc8ddfcd7beb1f817edaca', '::1', 'Mozilla/5.0 (Windows NT 6.3; WOW64) AppleWebKit/537.36 (KHTML, like Gecko) Chrome/50.0.2661.102 Safari/537.36', 1464342143, ''),
('0301b7a3cb76c4c214057b1b99c1f7c0', '::1', 'Mozilla/5.0 (Windows NT 6.3; WOW64) AppleWebKit/537.36 (KHTML, like Gecko) Chrome/50.0.2661.102 Safari/537.36', 1465290470, ''),
('04bbf4d0ce2e27d65cfa839d6aa485ef', '::1', 'Mozilla/5.0 (Windows NT 6.3; WOW64) AppleWebKit/537.36 (KHTML, like Gecko) Chrome/50.0.2661.102 Safari/537.36', 1465276190, ''),
('07de94e44a7c36b4924dd4e9841bcec1', '::1', 'Mozilla/5.0 (Windows NT 6.3; WOW64) AppleWebKit/537.36 (KHTML, like Gecko) Chrome/50.0.2661.102 Safari/537.36', 1465214679, ''),
('0821c63c5679522bf28faaa2ede12e7f', '::1', 'Mozilla/5.0 (Windows NT 6.3; WOW64) AppleWebKit/537.36 (KHTML, like Gecko) Chrome/50.0.2661.102 Safari/537.36', 1464239652, ''),
('0c538601cca6f39887bc4851065d9b05', '::1', 'Mozilla/5.0 (Windows NT 6.3; WOW64) AppleWebKit/537.36 (KHTML, like Gecko) Chrome/50.0.2661.102 Safari/537.36', 1465210399, ''),
('0cc14e04aeaa56145aed61f864b6c5cc', '::1', 'Mozilla/5.0 (Windows NT 6.3; WOW64) AppleWebKit/537.36 (KHTML, like Gecko) Chrome/50.0.2661.102 Safari/537.36', 1465276027, ''),
('0ea601da09e0a04b7d4c994d0255b34d', '::1', 'Mozilla/5.0 (Windows NT 6.3; WOW64) AppleWebKit/537.36 (KHTML, like Gecko) Chrome/50.0.2661.102 Safari/537.36', 1465276920, ''),
('12e7e47c407a5d813d16fb4d9fe69c29', '::1', 'Mozilla/5.0 (Windows NT 6.3; WOW64) AppleWebKit/537.36 (KHTML, like Gecko) Chrome/50.0.2661.102 Safari/537.36', 1465197083, ''),
('143e6077727844f0a95ba2e0c9febf10', '::1', 'Mozilla/5.0 (Windows NT 6.3; WOW64) AppleWebKit/537.36 (KHTML, like Gecko) Chrome/50.0.2661.102 Safari/537.36', 1465209085, ''),
('15f627185c2284e18ad00f42c8ead0bd', '::1', 'Mozilla/5.0 (Windows NT 6.3; WOW64) AppleWebKit/537.36 (KHTML, like Gecko) Chrome/50.0.2661.102 Safari/537.36', 1465300439, ''),
('185338aac67816f5e913277a59b02cb6', '::1', 'Mozilla/5.0 (Windows NT 6.3; WOW64) AppleWebKit/537.36 (KHTML, like Gecko) Chrome/50.0.2661.102 Safari/537.36', 1465213516, 'a:5:{s:9:"user_data";s:0:"";s:9:"logged_in";b:1;s:7:"user_id";s:1:"1";s:8:"group_id";s:1:"2";s:10:"permission";N;}'),
('192fa99e28267135a15670c20b093e34', '::1', 'Mozilla/5.0 (Windows NT 6.3; WOW64) AppleWebKit/537.36 (KHTML, like Gecko) Chrome/50.0.2661.102 Safari/537.36', 1465272124, ''),
('1a28e77556531f8b1c8653a483cf7823', '::1', 'Mozilla/5.0 (Windows NT 6.3; WOW64) AppleWebKit/537.36 (KHTML, like Gecko) Chrome/50.0.2661.102 Safari/537.36', 1464085318, ''),
('1acdf260ccb66e1913afdc51c2bfd5d9', '::1', 'Mozilla/5.0 (Windows NT 6.3; WOW64) AppleWebKit/537.36 (KHTML, like Gecko) Chrome/50.0.2661.102 Safari/537.36', 1465292129, ''),
('1cbcb25b69f5ecdf2b6af0317c2b642e', '::1', 'Mozilla/5.0 (Windows NT 6.3; WOW64) AppleWebKit/537.36 (KHTML, like Gecko) Chrome/50.0.2661.102 Safari/537.36', 1465294115, ''),
('1ce49a91f04a1229360cf4067dcf5818', '::1', 'Mozilla/5.0 (Windows NT 6.3; WOW64) AppleWebKit/537.36 (KHTML, like Gecko) Chrome/50.0.2661.102 Safari/537.36', 1465301084, ''),
('1d2de454ac307668ed20c00e7d4071cb', '::1', 'Mozilla/5.0 (Windows NT 6.3; WOW64) AppleWebKit/537.36 (KHTML, like Gecko) Chrome/50.0.2661.102 Safari/537.36', 1465277754, ''),
('1ea238441d2ad915ab23704216c9da7d', '::1', 'Mozilla/5.0 (Windows NT 6.3; WOW64) AppleWebKit/537.36 (KHTML, like Gecko) Chrome/50.0.2661.102 Safari/537.36', 1465273200, ''),
('1ea7f60156b49e5f63fdaca254c58244', '::1', 'Mozilla/5.0 (Windows NT 6.3; WOW64) AppleWebKit/537.36 (KHTML, like Gecko) Chrome/50.0.2661.102 Safari/537.36', 1465211549, ''),
('207c061be6f8308fcdad90954b3b2ec5', '::1', 'Mozilla/5.0 (Windows NT 6.3; WOW64) AppleWebKit/537.36 (KHTML, like Gecko) Chrome/50.0.2661.102 Safari/537.36', 1465212133, ''),
('2109e488ddd7cb5db361415cbf6f524b', '::1', 'Mozilla/5.0 (Windows NT 6.3; WOW64) AppleWebKit/537.36 (KHTML, like Gecko) Chrome/50.0.2661.102 Safari/537.36', 1465293673, 'a:5:{s:9:"user_data";s:0:"";s:9:"logged_in";b:1;s:7:"user_id";s:1:"1";s:8:"group_id";s:1:"2";s:10:"permission";N;}'),
('29feaa08ca4d78577c70a3f4584bf1c5', '::1', 'Mozilla/5.0 (Windows NT 6.3; WOW64) AppleWebKit/537.36 (KHTML, like Gecko) Chrome/50.0.2661.102 Safari/537.36', 1465290057, ''),
('2af51b9a1938ff23c05a7b7ab90f64f9', '::1', 'Mozilla/5.0 (Windows NT 6.3; WOW64) AppleWebKit/537.36 (KHTML, like Gecko) Chrome/50.0.2661.102 Safari/537.36', 1465209072, ''),
('2c4dd9445228533d2800ac07a598601a', '::1', 'Mozilla/5.0 (Windows NT 6.3; WOW64) AppleWebKit/537.36 (KHTML, like Gecko) Chrome/50.0.2661.102 Safari/537.36', 1464085787, ''),
('2de4e5f275ef09878912f0c77fd4a519', '::1', 'Mozilla/5.0 (Windows NT 6.3; WOW64) AppleWebKit/537.36 (KHTML, like Gecko) Chrome/50.0.2661.102 Safari/537.36', 1465275849, ''),
('2f151c6f5015040e9290025b4da91664', '::1', 'Mozilla/5.0 (Windows NT 6.3; WOW64) AppleWebKit/537.36 (KHTML, like Gecko) Chrome/50.0.2661.102 Safari/537.36', 1465210231, ''),
('3004f4608f20d6a10a9bcd6d0b6bedb6', '::1', 'Mozilla/5.0 (Windows NT 6.3; WOW64) AppleWebKit/537.36 (KHTML, like Gecko) Chrome/50.0.2661.102 Safari/537.36', 1465210231, ''),
('306f3aac7671202a1be1f302c899bd65', '::1', 'Mozilla/5.0 (Windows NT 6.3; WOW64) AppleWebKit/537.36 (KHTML, like Gecko) Chrome/50.0.2661.102 Safari/537.36', 1465212906, ''),
('3086667674817c59197466f1ccad74d5', '::1', 'Mozilla/5.0 (Windows NT 6.3; WOW64) AppleWebKit/537.36 (KHTML, like Gecko) Chrome/50.0.2661.102 Safari/537.36', 1464342120, ''),
('32b84a66d53e0ebe37247708870bf16d', '::1', 'Mozilla/5.0 (Windows NT 6.3; WOW64) AppleWebKit/537.36 (KHTML, like Gecko) Chrome/50.0.2661.102 Safari/537.36', 1465211921, ''),
('352e8a5ad446e7b13cc726aa94211421', '::1', 'Mozilla/5.0 (Windows NT 6.3; WOW64) AppleWebKit/537.36 (KHTML, like Gecko) Chrome/50.0.2661.102 Safari/537.36', 1465296787, ''),
('3535f7446c265028fcd38cf15d96b5ff', '::1', 'Mozilla/5.0 (Windows NT 6.3; WOW64) AppleWebKit/537.36 (KHTML, like Gecko) Chrome/50.0.2661.102 Safari/537.36', 1465290898, ''),
('35dacef2636e96d5cdafb602cd454ae2', '::1', 'Mozilla/5.0 (Windows NT 6.3; WOW64) AppleWebKit/537.36 (KHTML, like Gecko) Chrome/50.0.2661.102 Safari/537.36', 1464239659, ''),
('3affc7c2e9ea742e92c175854f7550f7', '::1', 'Mozilla/5.0 (Windows NT 6.3; WOW64) AppleWebKit/537.36 (KHTML, like Gecko) Chrome/50.0.2661.102 Safari/537.36', 1465292663, ''),
('3d1f7b013a810bb39503b0c7b8e23262', '::1', 'Mozilla/5.0 (Windows NT 6.3; WOW64) AppleWebKit/537.36 (KHTML, like Gecko) Chrome/50.0.2661.102 Safari/537.36', 1465210383, ''),
('4025a0f937a3b49d942adb8b7d7f2b5c', '::1', 'Mozilla/5.0 (Windows NT 6.3; WOW64) AppleWebKit/537.36 (KHTML, like Gecko) Chrome/50.0.2661.102 Safari/537.36', 1465292104, ''),
('435e59fc4a5cb341fe7e165ba4df92b6', '::1', 'Mozilla/5.0 (Windows NT 6.3; WOW64) AppleWebKit/537.36 (KHTML, like Gecko) Chrome/50.0.2661.102 Safari/537.36', 1465274904, ''),
('4535b424c9050526bd276016c6dde65b', '::1', 'Mozilla/5.0 (Windows NT 6.3; WOW64) AppleWebKit/537.36 (KHTML, like Gecko) Chrome/50.0.2661.102 Safari/537.36', 1465280044, ''),
('468c1a86a84101b46e444cbfff8c2723', '::1', 'Mozilla/5.0 (Windows NT 6.3; WOW64) AppleWebKit/537.36 (KHTML, like Gecko) Chrome/50.0.2661.102 Safari/537.36', 1465273101, ''),
('4801e2057ec80d79e3dc237e9f5db8c4', '::1', 'Mozilla/5.0 (Windows NT 6.3; WOW64) AppleWebKit/537.36 (KHTML, like Gecko) Chrome/50.0.2661.102 Safari/537.36', 1465300587, ''),
('4985639e9ad1ca8fa76a79c0e3a3a89b', '::1', 'Mozilla/5.0 (Windows NT 6.3; WOW64) AppleWebKit/537.36 (KHTML, like Gecko) Chrome/50.0.2661.102 Safari/537.36', 1465210121, ''),
('4aeb45e4695100b27adf8d0b5e30f8a0', '::1', 'Mozilla/5.0 (Windows NT 6.3; WOW64) AppleWebKit/537.36 (KHTML, like Gecko) Chrome/50.0.2661.102 Safari/537.36', 1465211546, ''),
('4b8ab2194f19acb43abb511791102bac', '::1', 'Mozilla/5.0 (Windows NT 6.3; WOW64) AppleWebKit/537.36 (KHTML, like Gecko) Chrome/50.0.2661.102 Safari/537.36', 1465211089, ''),
('5050ac709d9f77f94c44efe2bb277ced', '::1', 'Mozilla/5.0 (Windows NT 6.3; WOW64) AppleWebKit/537.36 (KHTML, like Gecko) Chrome/50.0.2661.102 Safari/537.36', 1465280501, ''),
('519434632c2a2cf857a9dba9d2edc51d', '::1', 'Mozilla/5.0 (Windows NT 6.3; WOW64) AppleWebKit/537.36 (KHTML, like Gecko) Chrome/50.0.2661.102 Safari/537.36', 1465277889, ''),
('528dfa05caa4fd8ffdafccfa9ca92b8f', '::1', 'Mozilla/5.0 (Windows NT 6.3; WOW64) AppleWebKit/537.36 (KHTML, like Gecko) Chrome/50.0.2661.102 Safari/537.36', 1465277740, ''),
('552bd806711c1f9bfd29afd62c86819e', '::1', 'Mozilla/5.0 (Windows NT 6.3; WOW64) AppleWebKit/537.36 (KHTML, like Gecko) Chrome/50.0.2661.102 Safari/537.36', 1465211574, ''),
('564f18c70e13cc9cf0a2b4e5a932331a', '::1', 'Mozilla/5.0 (Windows NT 6.3; WOW64) AppleWebKit/537.36 (KHTML, like Gecko) Chrome/50.0.2661.102 Safari/537.36', 1465292495, ''),
('565dcb023da8fe4576d390de47ff95b8', '::1', 'Mozilla/5.0 (Windows NT 6.3; WOW64) AppleWebKit/537.36 (KHTML, like Gecko) Chrome/50.0.2661.102 Safari/537.36', 1465273437, ''),
('56ab8317e18cec4d6535614bd3552810', '::1', 'Mozilla/5.0 (Windows NT 6.3; WOW64) AppleWebKit/537.36 (KHTML, like Gecko) Chrome/50.0.2661.102 Safari/537.36', 1465210120, ''),
('5781682d839e6d6e48419ab5f7476623', '::1', 'Mozilla/5.0 (Windows NT 6.3; WOW64) AppleWebKit/537.36 (KHTML, like Gecko) Chrome/50.0.2661.102 Safari/537.36', 1464091197, ''),
('581aae7644dccd2bb86fc3eaa561dfa5', '::1', 'Mozilla/5.0 (Windows NT 6.3; WOW64) AppleWebKit/537.36 (KHTML, like Gecko) Chrome/50.0.2661.102 Safari/537.36', 1465207648, ''),
('589e4b36ec5d646bf11b44aa284038db', '::1', 'Mozilla/5.0 (Windows NT 6.3; WOW64) AppleWebKit/537.36 (KHTML, like Gecko) Chrome/50.0.2661.102 Safari/537.36', 1465214636, ''),
('5ae0a8f93c47423e19cdc7489baf5c17', '::1', 'Mozilla/5.0 (Windows NT 6.3; WOW64) AppleWebKit/537.36 (KHTML, like Gecko) Chrome/50.0.2661.102 Safari/537.36', 1465193949, ''),
('5b3e0f681cc7b2097d4c02da2c7c4b68', '::1', 'Mozilla/5.0 (Windows NT 6.3; WOW64) AppleWebKit/537.36 (KHTML, like Gecko) Chrome/50.0.2661.102 Safari/537.36', 1465209794, ''),
('5b588437f6cc66032bc29e51187ef220', '::1', 'Mozilla/5.0 (Windows NT 6.3; WOW64) AppleWebKit/537.36 (KHTML, like Gecko) Chrome/50.0.2661.102 Safari/537.36', 1465214716, ''),
('5b89bf53a36febb603ec4a002beb805d', '::1', 'Mozilla/5.0 (Windows NT 6.3; WOW64) AppleWebKit/537.36 (KHTML, like Gecko) Chrome/50.0.2661.102 Safari/537.36', 1465294651, ''),
('5c26d9c90df3e0c940b5b752e574e8f5', '::1', 'Mozilla/5.0 (Windows NT 6.3; WOW64) AppleWebKit/537.36 (KHTML, like Gecko) Chrome/50.0.2661.102 Safari/537.36', 1465293182, ''),
('5d245a1e857f2871126ab030cb2b9641', '::1', 'Mozilla/5.0 (Windows NT 6.3; WOW64) AppleWebKit/537.36 (KHTML, like Gecko) Chrome/50.0.2661.102 Safari/537.36', 1465211262, ''),
('621a4de6a4f4760eb8caca225f09042d', '::1', 'Mozilla/5.0 (Windows NT 6.3; WOW64) AppleWebKit/537.36 (KHTML, like Gecko) Chrome/50.0.2661.102 Safari/537.36', 1465209477, ''),
('63c263f70e110ff09e837cfbb4b5d57b', '::1', 'Mozilla/5.0 (Windows NT 6.3; WOW64) AppleWebKit/537.36 (KHTML, like Gecko) Chrome/50.0.2661.102 Safari/537.36', 1465277368, ''),
('650fb8f0189377e01960fb4133d9b5e8', '::1', 'Mozilla/5.0 (Windows NT 6.3; WOW64) AppleWebKit/537.36 (KHTML, like Gecko) Chrome/50.0.2661.102 Safari/537.36', 1464091196, ''),
('6653ab3fe5a4227975e5b48da8ae80ed', '::1', 'Mozilla/5.0 (Windows NT 6.3; WOW64) AppleWebKit/537.36 (KHTML, like Gecko) Chrome/50.0.2661.102 Safari/537.36', 1465211635, ''),
('699760f97c0dda0307366a7fd3667503', '::1', 'Mozilla/5.0 (Windows NT 6.3; WOW64) AppleWebKit/537.36 (KHTML, like Gecko) Chrome/50.0.2661.102 Safari/537.36', 1465291103, ''),
('6a26b911470ccad8e6f370f4f9810a72', '::1', 'Mozilla/5.0 (Windows NT 6.3; WOW64) AppleWebKit/537.36 (KHTML, like Gecko) Chrome/50.0.2661.102 Safari/537.36', 1465300869, ''),
('6c12a5c3353a3508ab38c53245edac4e', '::1', 'Mozilla/5.0 (Windows NT 6.3; WOW64) AppleWebKit/537.36 (KHTML, like Gecko) Chrome/50.0.2661.102 Safari/537.36', 1465290459, ''),
('6d16d45d426f42e2f3ad178188471283', '::1', 'Mozilla/5.0 (Windows NT 6.3; WOW64) AppleWebKit/537.36 (KHTML, like Gecko) Chrome/50.0.2661.102 Safari/537.36', 1465209375, ''),
('6dbfe1935836956ef8668a8bec2cc10d', '::1', 'Mozilla/5.0 (Windows NT 6.3; WOW64) AppleWebKit/537.36 (KHTML, like Gecko) Chrome/50.0.2661.102 Safari/537.36', 1465284915, ''),
('6e16435bdc5cc7ed718c860fdbfc8f05', '::1', 'Mozilla/5.0 (Windows NT 6.3; WOW64) AppleWebKit/537.36 (KHTML, like Gecko) Chrome/50.0.2661.102 Safari/537.36', 1465214979, ''),
('6f41a933e6a434f6b70fc1d4ae3bf0d0', '::1', 'Mozilla/5.0 (Windows NT 6.3; WOW64) AppleWebKit/537.36 (KHTML, like Gecko) Chrome/50.0.2661.102 Safari/537.36', 1465292733, ''),
('70282c9b81bcceae84decf105e213900', '::1', 'Mozilla/5.0 (Windows NT 6.3; WOW64) AppleWebKit/537.36 (KHTML, like Gecko) Chrome/50.0.2661.102 Safari/537.36', 1465291741, ''),
('72f6f51fbd62fbce9a32a6501e612073', '::1', 'Mozilla/5.0 (Windows NT 6.3; WOW64) AppleWebKit/537.36 (KHTML, like Gecko) Chrome/50.0.2661.102 Safari/537.36', 1465211316, ''),
('73c2d04bce23abad225682f723850b19', '::1', 'Mozilla/5.0 (Windows NT 6.3; WOW64) AppleWebKit/537.36 (KHTML, like Gecko) Chrome/50.0.2661.102 Safari/537.36', 1465209431, ''),
('75fa56cf98fd344f952d61c464615783', '::1', 'Mozilla/5.0 (Windows NT 6.3; WOW64) AppleWebKit/537.36 (KHTML, like Gecko) Chrome/50.0.2661.102 Safari/537.36', 1465214708, ''),
('789f674f576a1fbc2bb77443e9232237', '::1', 'Mozilla/5.0 (Windows NT 6.3; WOW64) AppleWebKit/537.36 (KHTML, like Gecko) Chrome/50.0.2661.102 Safari/537.36', 1465291521, ''),
('7aaa6ce4fba64fadab5e231e0f873fe5', '::1', 'Mozilla/5.0 (Windows NT 6.3; WOW64) AppleWebKit/537.36 (KHTML, like Gecko) Chrome/50.0.2661.102 Safari/537.36', 1465294209, ''),
('7ad807ae39cebcef8e8349e826e20b6f', '::1', 'Mozilla/5.0 (Windows NT 6.3; WOW64) AppleWebKit/537.36 (KHTML, like Gecko) Chrome/50.0.2661.102 Safari/537.36', 1465273752, ''),
('7d06667c30de0a4b6396cdab0aa9f99d', '::1', 'Mozilla/5.0 (Windows NT 6.3; WOW64) AppleWebKit/537.36 (KHTML, like Gecko) Chrome/50.0.2661.102 Safari/537.36', 1464342129, 'a:5:{s:9:"user_data";s:0:"";s:9:"logged_in";b:1;s:7:"user_id";s:1:"1";s:8:"group_id";s:1:"2";s:10:"permission";N;}'),
('7fb445c743ebcdf915af8d0dc8bf5697', '::1', 'Mozilla/5.0 (Windows NT 6.3; WOW64) AppleWebKit/537.36 (KHTML, like Gecko) Chrome/50.0.2661.102 Safari/537.36', 1465274984, ''),
('7fe36b0c8bed328a6502db7865c362e5', '::1', 'Mozilla/5.0 (Windows NT 6.3; WOW64) AppleWebKit/537.36 (KHTML, like Gecko) Chrome/50.0.2661.102 Safari/537.36', 1465209644, ''),
('8201e45c730d929006778fde76a8e72b', '::1', 'Mozilla/5.0 (Windows NT 6.3; WOW64) AppleWebKit/537.36 (KHTML, like Gecko) Chrome/50.0.2661.102 Safari/537.36', 1465212023, ''),
('84d766784672562ebf60b5bfaf3e0bac', '::1', 'Mozilla/5.0 (Windows NT 6.3; WOW64) AppleWebKit/537.36 (KHTML, like Gecko) Chrome/50.0.2661.102 Safari/537.36', 1465289937, ''),
('86b432d7bf710ab134fa63b5c79c2396', '::1', 'Mozilla/5.0 (Windows NT 6.3; WOW64) AppleWebKit/537.36 (KHTML, like Gecko) Chrome/50.0.2661.102 Safari/537.36', 1464687333, 'a:4:{s:9:"logged_in";b:1;s:7:"user_id";s:1:"1";s:8:"group_id";s:1:"2";s:10:"permission";N;}'),
('86eac0b451712771cf76bf0316465b2b', '::1', 'Mozilla/5.0 (Windows NT 6.3; WOW64) AppleWebKit/537.36 (KHTML, like Gecko) Chrome/50.0.2661.102 Safari/537.36', 1465209610, ''),
('884c4f0f61e5211b66fb761f5dd1442c', '::1', 'Mozilla/5.0 (Windows NT 6.3; WOW64) AppleWebKit/537.36 (KHTML, like Gecko) Chrome/50.0.2661.102 Safari/537.36', 1465275885, ''),
('885a5ea96785829a997faeb347308856', '::1', 'Mozilla/5.0 (Windows NT 6.3; WOW64) AppleWebKit/537.36 (KHTML, like Gecko) Chrome/50.0.2661.102 Safari/537.36', 1465294873, ''),
('8cef998cb76562cc161ebd6ddb5a2234', '::1', 'Mozilla/5.0 (Windows NT 6.3; WOW64) AppleWebKit/537.36 (KHTML, like Gecko) Chrome/50.0.2661.102 Safari/537.36', 1465276479, ''),
('8edbef28baa1d1d21cea9862e1e300f8', '::1', 'Mozilla/5.0 (Windows NT 6.3; WOW64) AppleWebKit/537.36 (KHTML, like Gecko) Chrome/50.0.2661.102 Safari/537.36', 1465277657, ''),
('8f557e4ae630ba8309ba4620016d6f9d', '::1', 'Mozilla/5.0 (Windows NT 6.3; WOW64) AppleWebKit/537.36 (KHTML, like Gecko) Chrome/50.0.2661.102 Safari/537.36', 1465212905, ''),
('8f7eeac5d6f1b203344f6496f9f409d8', '::1', 'Mozilla/5.0 (Windows NT 6.3; WOW64) AppleWebKit/537.36 (KHTML, like Gecko) Chrome/50.0.2661.102 Safari/537.36', 1465209393, ''),
('8f9b4f4940ee79bca65b57a4b720570e', '::1', 'Mozilla/5.0 (Windows NT 6.3; WOW64) AppleWebKit/537.36 (KHTML, like Gecko) Chrome/50.0.2661.102 Safari/537.36', 1465208752, ''),
('901c2c68f95430403e088393448f8e84', '::1', 'Mozilla/5.0 (Windows NT 6.3; WOW64) AppleWebKit/537.36 (KHTML, like Gecko) Chrome/50.0.2661.102 Safari/537.36', 1465299715, ''),
('90d7be5f31464b1f5735c2301163e7fe', '::1', 'Mozilla/5.0 (Windows NT 6.3; WOW64) AppleWebKit/537.36 (KHTML, like Gecko) Chrome/50.0.2661.102 Safari/537.36', 1465209678, ''),
('91f9dc406b1e8a1bb0de95d0d772566c', '::1', 'Mozilla/5.0 (Windows NT 6.3; WOW64) AppleWebKit/537.36 (KHTML, like Gecko) Chrome/50.0.2661.102 Safari/537.36', 1465109369, 'a:1:{s:9:"user_data";s:0:"";}'),
('923c1884d060f4e04a8db6e0f360afca', '::1', 'Mozilla/5.0 (Windows NT 6.3; WOW64) AppleWebKit/537.36 (KHTML, like Gecko) Chrome/50.0.2661.102 Safari/537.36', 1465280502, ''),
('938767aaac8a8b6928282313769724aa', '::1', 'Mozilla/5.0 (Windows NT 6.3; WOW64) AppleWebKit/537.36 (KHTML, like Gecko) Chrome/50.0.2661.102 Safari/537.36', 1465211831, ''),
('93a32f3e88f7bb25d17fb075ca82f29e', '::1', 'Mozilla/5.0 (Windows NT 6.3; WOW64) AppleWebKit/537.36 (KHTML, like Gecko) Chrome/50.0.2661.102 Safari/537.36', 1465209519, ''),
('95545d1db0abddc149c43bee76c6e178', '::1', 'Mozilla/5.0 (Windows NT 6.3; WOW64) AppleWebKit/537.36 (KHTML, like Gecko) Chrome/50.0.2661.102 Safari/537.36', 1465214441, ''),
('95b16974e220fcea88608f9d41e594e3', '::1', 'Mozilla/5.0 (Windows NT 6.3; WOW64) AppleWebKit/537.36 (KHTML, like Gecko) Chrome/50.0.2661.102 Safari/537.36', 1465275512, ''),
('96559dca2a5dcf65ffbbae7ff9028161', '::1', 'Mozilla/5.0 (Windows NT 6.3; WOW64) AppleWebKit/537.36 (KHTML, like Gecko) Chrome/50.0.2661.102 Safari/537.36', 1465278275, ''),
('96d60121aae2a3c862829d5cc1a3c050', '::1', 'Mozilla/5.0 (Windows NT 6.3; WOW64) AppleWebKit/537.36 (KHTML, like Gecko) Chrome/50.0.2661.102 Safari/537.36', 1464342148, 'a:5:{s:9:"user_data";s:0:"";s:9:"logged_in";b:1;s:7:"user_id";s:1:"1";s:8:"group_id";s:1:"2";s:10:"permission";N;}'),
('989eb08d5585abdea5f85485b9357be0', '::1', 'Mozilla/5.0 (Windows NT 6.3; WOW64) AppleWebKit/537.36 (KHTML, like Gecko) Chrome/50.0.2661.102 Safari/537.36', 1465273545, ''),
('9964f992f52767fbbd1121d309f45d77', '::1', 'Mozilla/5.0 (Windows NT 6.3; WOW64) AppleWebKit/537.36 (KHTML, like Gecko) Chrome/50.0.2661.102 Safari/537.36', 1465290630, ''),
('9a577c1e762e64e8103990b937d50079', '::1', 'Mozilla/5.0 (Windows NT 6.3; WOW64) AppleWebKit/537.36 (KHTML, like Gecko) Chrome/50.0.2661.102 Safari/537.36', 1465212547, ''),
('9aa036a08b0e0b381906a9fc4b40f096', '::1', 'Mozilla/5.0 (Windows NT 6.3; WOW64) AppleWebKit/537.36 (KHTML, like Gecko) Chrome/50.0.2661.102 Safari/537.36', 1465290395, ''),
('9c9ac790b0be70a2f4071db6224542ce', '::1', 'Mozilla/5.0 (Windows NT 6.3; WOW64) AppleWebKit/537.36 (KHTML, like Gecko) Chrome/50.0.2661.102 Safari/537.36', 1465208835, ''),
('9caf02ec0def273467cafcff88d65d92', '::1', 'Mozilla/5.0 (Windows NT 6.3; WOW64) AppleWebKit/537.36 (KHTML, like Gecko) Chrome/50.0.2661.102 Safari/537.36', 1465292238, ''),
('9d8780bf0c12fe78ebfedb66ff5972c3', '::1', 'Mozilla/5.0 (Windows NT 6.3; WOW64) AppleWebKit/537.36 (KHTML, like Gecko) Chrome/50.0.2661.102 Safari/537.36', 1465211323, ''),
('9df7b818a05868abc4ffeb2ede1a91b8', '::1', 'Mozilla/5.0 (Windows NT 6.3; WOW64) AppleWebKit/537.36 (KHTML, like Gecko) Chrome/50.0.2661.102 Safari/537.36', 1465207905, ''),
('9fc7b01ea79d6a692f6f645c62ad6fd9', '::1', 'Mozilla/5.0 (Windows NT 6.3; WOW64) AppleWebKit/537.36 (KHTML, like Gecko) Chrome/50.0.2661.102 Safari/537.36', 1465291316, ''),
('9fee35dda73118b8be222b9e28dd9886', '::1', 'Mozilla/5.0 (Windows NT 6.3; WOW64) AppleWebKit/537.36 (KHTML, like Gecko) Chrome/50.0.2661.102 Safari/537.36', 1464085200, ''),
('a3d1880299649a2b18e73ef64f99b795', '::1', 'Mozilla/5.0 (Windows NT 6.3; WOW64) AppleWebKit/537.36 (KHTML, like Gecko) Chrome/50.0.2661.102 Safari/537.36', 1465211088, ''),
('a628bb044b8fa46723d254e05219987c', '::1', 'Mozilla/5.0 (Windows NT 6.3; WOW64) AppleWebKit/537.36 (KHTML, like Gecko) Chrome/50.0.2661.102 Safari/537.36', 1465289974, ''),
('a9b93d37d7d0b3c4ed96248534e0e99a', '::1', 'Mozilla/5.0 (Windows NT 6.3; WOW64) AppleWebKit/537.36 (KHTML, like Gecko) Chrome/50.0.2661.102 Safari/537.36', 1465212656, ''),
('aa91f04a268c8720cb87c61379149592', '::1', 'Mozilla/5.0 (Windows NT 6.3; WOW64) AppleWebKit/537.36 (KHTML, like Gecko) Chrome/50.0.2661.102 Safari/537.36', 1465209524, ''),
('aa924fbbca5cbbb9a52ff5d32e1d2cce', '::1', 'Mozilla/5.0 (Windows NT 6.3; WOW64) AppleWebKit/537.36 (KHTML, like Gecko) Chrome/50.0.2661.102 Safari/537.36', 1465210379, ''),
('abb783d3140aa30ebc4b837b41720b80', '::1', 'Mozilla/5.0 (Windows NT 6.3; WOW64) AppleWebKit/537.36 (KHTML, like Gecko) Chrome/50.0.2661.102 Safari/537.36', 1465291013, ''),
('af2a7f9843d722f6220731774b43a0cf', '::1', 'Mozilla/5.0 (Windows NT 6.3; WOW64) AppleWebKit/537.36 (KHTML, like Gecko) Chrome/50.0.2661.102 Safari/537.36', 1465277243, ''),
('b14e76ed348002398077950f12665543', '::1', 'Mozilla/5.0 (Windows NT 6.3; WOW64) AppleWebKit/537.36 (KHTML, like Gecko) Chrome/50.0.2661.102 Safari/537.36', 1465275396, ''),
('b16840a5574f15af7974624fa7aefc8c', '::1', 'Mozilla/5.0 (Windows NT 6.3; WOW64) AppleWebKit/537.36 (KHTML, like Gecko) Chrome/50.0.2661.102 Safari/537.36', 1465299149, ''),
('b1d3a4f2d72189b0db8e4fb5716867f6', '::1', 'Mozilla/5.0 (Windows NT 6.3; WOW64) AppleWebKit/537.36 (KHTML, like Gecko) Chrome/50.0.2661.102 Safari/537.36', 1465209478, ''),
('b23438ec86e450ea9c477f52513272e8', '::1', 'Mozilla/5.0 (Windows NT 6.3; WOW64) AppleWebKit/537.36 (KHTML, like Gecko) Chrome/50.0.2661.102 Safari/537.36', 1465210404, ''),
('b27e9f15419c83bb5fc5ec65321acf64', '::1', 'Mozilla/5.0 (Windows NT 6.3; WOW64) AppleWebKit/537.36 (KHTML, like Gecko) Chrome/50.0.2661.102 Safari/537.36', 1465210378, ''),
('b290d2eee9accca0ebaf93901ba89c98', '::1', 'Mozilla/5.0 (Windows NT 6.3; WOW64) AppleWebKit/537.36 (KHTML, like Gecko) Chrome/50.0.2661.102 Safari/537.36', 1465279426, ''),
('b2a0ba3f73e441cc1a12a3ddd15bcb50', '::1', 'Mozilla/5.0 (Windows NT 6.3; WOW64) AppleWebKit/537.36 (KHTML, like Gecko) Chrome/50.0.2661.102 Safari/537.36', 1465211262, ''),
('b31578195b518321295b7ad843b821e6', '::1', 'Mozilla/5.0 (Windows NT 6.3; WOW64) AppleWebKit/537.36 (KHTML, like Gecko) Chrome/50.0.2661.102 Safari/537.36', 1465289916, ''),
('b36c5eaa26ca9ad518ecae9775f62f15', '::1', 'Mozilla/5.0 (Windows NT 6.3; WOW64) AppleWebKit/537.36 (KHTML, like Gecko) Chrome/50.0.2661.102 Safari/537.36', 1465207685, 'a:5:{s:9:"user_data";s:0:"";s:9:"logged_in";b:1;s:7:"user_id";s:1:"1";s:8:"group_id";s:1:"2";s:10:"permission";N;}'),
('b47e16a865488bf0205be0fa8b873813', '::1', 'Mozilla/5.0 (Windows NT 6.3; WOW64) AppleWebKit/537.36 (KHTML, like Gecko) Chrome/50.0.2661.102 Safari/537.36', 1465213954, ''),
('b616de99071017c8e7d7d1bcbd7656bb', '::1', 'Mozilla/5.0 (Windows NT 6.3; WOW64) AppleWebKit/537.36 (KHTML, like Gecko) Chrome/50.0.2661.102 Safari/537.36', 1465301085, ''),
('b710cf92569d62af0b2b10e8b0ebd3ce', '::1', 'Mozilla/5.0 (Windows NT 6.3; WOW64) AppleWebKit/537.36 (KHTML, like Gecko) Chrome/50.0.2661.102 Safari/537.36', 1465291209, ''),
('b73ba3cb163c544318f6267fed4b1da4', '::1', 'Mozilla/5.0 (Windows NT 6.3; WOW64) AppleWebKit/537.36 (KHTML, like Gecko) Chrome/50.0.2661.102 Safari/537.36', 1465210696, ''),
('b7afe56327884f1fcb465cbaf0593823', '::1', 'Mozilla/5.0 (Windows NT 6.3; WOW64) AppleWebKit/537.36 (KHTML, like Gecko) Chrome/50.0.2661.102 Safari/537.36', 1465211479, ''),
('b88592e7ceb9515c2b1e75f9b4946ae0', '::1', 'Mozilla/5.0 (Windows NT 6.3; WOW64) AppleWebKit/537.36 (KHTML, like Gecko) Chrome/50.0.2661.102 Safari/537.36', 1465209611, ''),
('b96787756e96a0d5b6d85e25888be7a2', '::1', 'Mozilla/5.0 (Windows NT 6.3; WOW64) AppleWebKit/537.36 (KHTML, like Gecko) Chrome/50.0.2661.102 Safari/537.36', 1465294889, ''),
('bb78bb8c5603a8e75a964e89e5874af1', '::1', 'Mozilla/5.0 (Windows NT 6.3; WOW64) AppleWebKit/537.36 (KHTML, like Gecko) Chrome/50.0.2661.102 Safari/537.36', 1465214797, ''),
('bc9bf355571f64c5ab3ef081800f0c8b', '::1', 'Mozilla/5.0 (Windows NT 6.3; WOW64) AppleWebKit/537.36 (KHTML, like Gecko) Chrome/50.0.2661.102 Safari/537.36', 1464085319, ''),
('bd35027b13670d2cec6c6d6753587c61', '::1', 'Mozilla/5.0 (Windows NT 6.3; WOW64) AppleWebKit/537.36 (KHTML, like Gecko) Chrome/50.0.2661.102 Safari/537.36', 1465272121, ''),
('beb2b59b0e7f7ff4d5b3e97c73a4ad6e', '::1', 'Mozilla/5.0 (Windows NT 6.3; WOW64) AppleWebKit/537.36 (KHTML, like Gecko) Chrome/50.0.2661.102 Safari/537.36', 1465210974, ''),
('c06650aa95d3942b185b69ad5793770e', '::1', 'Mozilla/5.0 (Windows NT 6.3; WOW64) AppleWebKit/537.36 (KHTML, like Gecko) Chrome/50.0.2661.102 Safari/537.36', 1465274459, ''),
('c0a65f61730ab186d36482205a7e5e57', '::1', 'Mozilla/5.0 (Windows NT 6.3; WOW64) AppleWebKit/537.36 (KHTML, like Gecko) Chrome/50.0.2661.102 Safari/537.36', 1465277688, ''),
('c32f4b8f5a176dabb049121c37abc094', '::1', 'Mozilla/5.0 (Windows NT 6.3; WOW64) AppleWebKit/537.36 (KHTML, like Gecko) Chrome/50.0.2661.102 Safari/537.36', 1465300731, ''),
('c5e4705202fa5f30fd634405ac15e22d', '::1', 'Mozilla/5.0 (Windows NT 6.3; WOW64) AppleWebKit/537.36 (KHTML, like Gecko) Chrome/50.0.2661.102 Safari/537.36', 1464686379, ''),
('c9f669540eb0416bbd4a5c6c65b4db1b', '::1', 'Mozilla/5.0 (Windows NT 6.3; WOW64) AppleWebKit/537.36 (KHTML, like Gecko) Chrome/50.0.2661.102 Safari/537.36', 1465277566, 'a:5:{s:9:"user_data";s:0:"";s:9:"logged_in";b:1;s:7:"user_id";s:1:"1";s:8:"group_id";s:1:"2";s:10:"permission";N;}'),
('cc495f1e013c649cb5730c97ba0f9deb', '::1', 'Mozilla/5.0 (Windows NT 6.3; WOW64) AppleWebKit/537.36 (KHTML, like Gecko) Chrome/50.0.2661.102 Safari/537.36', 1465211830, ''),
('cd8d71f0f87711e8b0c7c19aa07f0dae', '::1', 'Mozilla/5.0 (Windows NT 6.3; WOW64) AppleWebKit/537.36 (KHTML, like Gecko) Chrome/50.0.2661.102 Safari/537.36', 1465281631, ''),
('d1aca52954b74dae37ff41af025905d6', '::1', 'Mozilla/5.0 (Windows NT 6.3; WOW64) AppleWebKit/537.36 (KHTML, like Gecko) Chrome/50.0.2661.102 Safari/537.36', 1465277712, ''),
('d3d3f69c9338dce8a1ce9795da2f94b8', '::1', 'Mozilla/5.0 (Windows NT 6.3; WOW64) AppleWebKit/537.36 (KHTML, like Gecko) Chrome/50.0.2661.102 Safari/537.36', 1465207391, ''),
('d81ae1fb3116453c3e3a17af8910e657', '::1', 'Mozilla/5.0 (Windows NT 6.3; WOW64) AppleWebKit/537.36 (KHTML, like Gecko) Chrome/50.0.2661.102 Safari/537.36', 1465210405, ''),
('d8fce5dd556ee585eb7094d26050ce58', '::1', 'Mozilla/5.0 (Windows NT 6.3; WOW64) AppleWebKit/537.36 (KHTML, like Gecko) Chrome/50.0.2661.102 Safari/537.36', 1465273626, ''),
('dc9f3cac6f92d5010d442f15debfb929', '::1', 'Mozilla/5.0 (Windows NT 6.3; WOW64) AppleWebKit/537.36 (KHTML, like Gecko) Chrome/50.0.2661.102 Safari/537.36', 1465214440, ''),
('dff7449cbef85d09c4b31329d0c50494', '::1', 'Mozilla/5.0 (Windows NT 6.3; WOW64) AppleWebKit/537.36 (KHTML, like Gecko) Chrome/50.0.2661.102 Safari/537.36', 1465299031, ''),
('e04e07e09382e5f0ae7ad0b8237426ea', '::1', 'Mozilla/5.0 (Windows NT 6.3; WOW64) AppleWebKit/537.36 (KHTML, like Gecko) Chrome/50.0.2661.102 Safari/537.36', 1465213037, ''),
('e1029e5bb87f3c6a06de7e0400f29dd7', '::1', 'Mozilla/5.0 (Windows NT 6.3; WOW64) AppleWebKit/537.36 (KHTML, like Gecko) Chrome/50.0.2661.102 Safari/537.36', 1465275235, ''),
('e1ce7615f9495b1d49e3c16bcde68505', '::1', 'Mozilla/5.0 (Windows NT 6.3; WOW64) AppleWebKit/537.36 (KHTML, like Gecko) Chrome/50.0.2661.102 Safari/537.36', 1464687670, ''),
('e24a75fe550d8931259ec7bc87e218e5', '::1', 'Mozilla/5.0 (Windows NT 6.3; WOW64) AppleWebKit/537.36 (KHTML, like Gecko) Chrome/50.0.2661.102 Safari/537.36', 1465273208, ''),
('e360d9fb2a4922a68f9939cb0b83d5bb', '::1', 'Mozilla/5.0 (Windows NT 6.3; WOW64) AppleWebKit/537.36 (KHTML, like Gecko) Chrome/50.0.2661.102 Safari/537.36', 1465207977, ''),
('e4d1fa7355099f7d36f0f9bf151d29e9', '::1', 'Mozilla/5.0 (Windows NT 6.3; WOW64) AppleWebKit/537.36 (KHTML, like Gecko) Chrome/50.0.2661.102 Safari/537.36', 1465212475, ''),
('e917e1d6078dc424745fc69aa70085dd', '::1', 'Mozilla/5.0 (Windows NT 6.3; WOW64) AppleWebKit/537.36 (KHTML, like Gecko) Chrome/50.0.2661.102 Safari/537.36', 1464687639, 'a:5:{s:9:"user_data";s:0:"";s:9:"logged_in";b:1;s:7:"user_id";s:1:"1";s:8:"group_id";s:1:"2";s:10:"permission";N;}'),
('ebf6d04b051d35181801f1db24a0a621', '::1', 'Mozilla/5.0 (Windows NT 6.3; WOW64) AppleWebKit/537.36 (KHTML, like Gecko) Chrome/50.0.2661.102 Safari/537.36', 1465275175, ''),
('ec3ca7b6bfa9516b52e23bbf29ec098e', '::1', 'Mozilla/5.0 (Windows NT 6.3; WOW64) AppleWebKit/537.36 (KHTML, like Gecko) Chrome/50.0.2661.102 Safari/537.36', 1465290117, ''),
('ec463f5a7c538e7ce85320cb9eaf91b8', '::1', 'Mozilla/5.0 (Windows NT 6.3; WOW64) AppleWebKit/537.36 (KHTML, like Gecko) Chrome/50.0.2661.102 Safari/537.36', 1465211415, ''),
('ee31285629ee823e1bd9a9e6c6acb42c', '::1', 'Mozilla/5.0 (Windows NT 6.3; WOW64) AppleWebKit/537.36 (KHTML, like Gecko) Chrome/50.0.2661.102 Safari/537.36', 1465198346, 'a:5:{s:9:"user_data";s:0:"";s:9:"logged_in";b:1;s:7:"user_id";s:1:"1";s:8:"group_id";s:1:"2";s:10:"permission";N;}'),
('ee7ea880ac60990e8b210c641b704dd5', '::1', 'Mozilla/5.0 (Windows NT 6.3; WOW64) AppleWebKit/537.36 (KHTML, like Gecko) Chrome/50.0.2661.102 Safari/537.36', 1465278083, ''),
('efce82296325953aeb9367a6dabdabe8', '::1', 'Mozilla/5.0 (Windows NT 6.3; WOW64) AppleWebKit/537.36 (KHTML, like Gecko) Chrome/50.0.2661.102 Safari/537.36', 1464085810, ''),
('effe391606fd2944964242ff849b9cdf', '::1', 'Mozilla/5.0 (Windows NT 6.3; WOW64) AppleWebKit/537.36 (KHTML, like Gecko) Chrome/50.0.2661.102 Safari/537.36', 1465109363, ''),
('f3216821db8727df9f62058074e4523a', '::1', 'Mozilla/5.0 (Windows NT 6.3; WOW64) AppleWebKit/537.36 (KHTML, like Gecko) Chrome/50.0.2661.102 Safari/537.36', 1464085787, ''),
('f5f6d1dea42bd238684ce0d9c4ae1297', '::1', 'Mozilla/5.0 (Windows NT 6.3; WOW64) AppleWebKit/537.36 (KHTML, like Gecko) Chrome/50.0.2661.102 Safari/537.36', 1465290361, ''),
('f63ddedeb3da8a1e86ae9e5721985b9b', '::1', 'Mozilla/5.0 (Windows NT 6.3; WOW64) AppleWebKit/537.36 (KHTML, like Gecko) Chrome/50.0.2661.102 Safari/537.36', 1465276810, ''),
('f816063c80d98d271383d9336bf3e844', '::1', 'Mozilla/5.0 (Windows NT 6.3; WOW64) AppleWebKit/537.36 (KHTML, like Gecko) Chrome/50.0.2661.102 Safari/537.36', 1465207651, 'a:5:{s:9:"user_data";s:0:"";s:9:"logged_in";b:1;s:7:"user_id";s:1:"1";s:8:"group_id";s:1:"2";s:10:"permission";N;}'),
('f838db3036d1483b6de4c9abcc99bd26', '::1', 'Mozilla/5.0 (Windows NT 6.3; WOW64) AppleWebKit/537.36 (KHTML, like Gecko) Chrome/50.0.2661.102 Safari/537.36', 1465214530, ''),
('f8bf4e0f8acfdf4f36592189d7e134d5', '::1', 'Mozilla/5.0 (Windows NT 6.3; WOW64) AppleWebKit/537.36 (KHTML, like Gecko) Chrome/50.0.2661.102 Safari/537.36', 1465276246, ''),
('f90b35b66e55bab674067d1e31951881', '::1', 'Mozilla/5.0 (Windows NT 6.3; WOW64) AppleWebKit/537.36 (KHTML, like Gecko) Chrome/50.0.2661.102 Safari/537.36', 1464687569, 'a:5:{s:9:"user_data";s:0:"";s:9:"logged_in";b:1;s:7:"user_id";s:1:"1";s:8:"group_id";s:1:"2";s:10:"permission";N;}'),
('fa0ea4778328a93ed715831fcfc781f3', '::1', 'Mozilla/5.0 (Windows NT 6.3; WOW64) AppleWebKit/537.36 (KHTML, like Gecko) Chrome/50.0.2661.102 Safari/537.36', 1465274640, ''),
('fba28c600efa63c3374f861cd8e2a6f8', '::1', 'Mozilla/5.0 (Windows NT 6.3; WOW64) AppleWebKit/537.36 (KHTML, like Gecko) Chrome/50.0.2661.102 Safari/537.36', 1465276673, ''),
('fd4436644e6b52a95f31c36f4fe1b7cf', '::1', 'Mozilla/5.0 (Windows NT 6.3; WOW64) AppleWebKit/537.36 (KHTML, like Gecko) Chrome/50.0.2661.102 Safari/537.36', 1465209750, ''),
('fe0b010acaf319b9ac580923d2823f29', '::1', 'Mozilla/5.0 (Windows NT 6.3; WOW64) AppleWebKit/537.36 (KHTML, like Gecko) Chrome/50.0.2661.102 Safari/537.36', 1465279425, ''),
('ffab01d86737e2926066166b239afc24', '::1', 'Mozilla/5.0 (Windows NT 6.3; WOW64) AppleWebKit/537.36 (KHTML, like Gecko) Chrome/50.0.2661.102 Safari/537.36', 1465212758, '');

-- --------------------------------------------------------

--
-- Table structure for table `up_banner`
--

CREATE TABLE IF NOT EXISTS `up_banner` (
  `id` int(11) NOT NULL AUTO_INCREMENT,
  `title` varchar(255) DEFAULT NULL,
  `sub_title` text,
  `attachment` varchar(255) DEFAULT NULL,
  `slug` varchar(255) NOT NULL,
  `ent_date` date NOT NULL,
  `upd_date` date DEFAULT NULL,
  `status` enum('draft','live') NOT NULL DEFAULT 'draft',
  PRIMARY KEY (`id`)
) ENGINE=InnoDB  DEFAULT CHARSET=latin1 AUTO_INCREMENT=8 ;

--
-- Dumping data for table `up_banner`
--

INSERT INTO `up_banner` (`id`, `title`, `sub_title`, `attachment`, `slug`, `ent_date`, `upd_date`, `status`) VALUES
(1, 'The Majestic Mount Kenya', 'The once snow peaked mountain now has shrinking glaciers (kindly use the attached photo as it shows the snow peak) and is the highest mountain in Kenya, second-highest in Africa after Kilimanjaro. Mount Kenya is located in central Kenya, about 16.5 kilometres (10.3 mi) south of the equator, around 150 kilometres. The grandeur of Mount Kenya is Kenya&#39;s pride. The Mountain is the source of the name of the Republic of Kenya.\n', '1.jpg', '', '2014-03-06', '2015-08-23', 'live'),
(6, 'The Republic of Kenya', 'Kenya, officially the Republic of Kenya, is a sovereign state in Africa. Its capital and largest city is Nairobi. Kenya lies on the equator with the Indian Ocean to the south-east, Tanzania to the south, Uganda to the west, South Sudan to the north-west, Ethiopia to the north and Somalia to the north-east.&nbsp;Indonesia is an archipelago comprising thousands of islands encompassing 34 provinces. The country shares land borders with Papua New Guinea, East Timor, and Malaysia.\n', '6.jpg', '', '2015-08-20', '2015-08-20', 'live'),
(7, 'Kenya and Indonesia', 'The Consular Section assists both Indonesian National looking to apply for a visa to enter the Republic of Kenya as well as foreigners seeking information on entering Kenya for tourism or business trips. In addition, most services for Indonesian nationals, such as passport&ndash;related inquiries, are handled through the Consular office (we do not handle passport enquiries for Indonesians, we only handle for Kenyan citizens. Indonesians can only go to their immigration for their passport related matters). The Consulate envisions creating stronger bonds between the two countries.\n', '7.jpg', '', '2015-08-20', '2015-08-23', 'live');

-- --------------------------------------------------------

--
-- Table structure for table `up_contact_us`
--

CREATE TABLE IF NOT EXISTS `up_contact_us` (
  `id` int(11) NOT NULL AUTO_INCREMENT,
  `first_name` varchar(255) COLLATE utf8_unicode_ci NOT NULL,
  `ent_date` date NOT NULL,
  `upd_date` date NOT NULL,
  `status` varchar(100) COLLATE utf8_unicode_ci NOT NULL,
  `slug` text COLLATE utf8_unicode_ci NOT NULL,
  `message` text COLLATE utf8_unicode_ci NOT NULL,
  `last_name` varchar(255) COLLATE utf8_unicode_ci NOT NULL,
  `email` varchar(255) COLLATE utf8_unicode_ci NOT NULL,
  `tem` varchar(255) COLLATE utf8_unicode_ci NOT NULL,
  PRIMARY KEY (`id`)
) ENGINE=InnoDB DEFAULT CHARSET=utf8 COLLATE=utf8_unicode_ci AUTO_INCREMENT=1 ;

-- --------------------------------------------------------

--
-- Table structure for table `up_contact_usold`
--

CREATE TABLE IF NOT EXISTS `up_contact_usold` (
  `id` int(11) NOT NULL AUTO_INCREMENT,
  `name` varchar(255) NOT NULL,
  `email` varchar(255) NOT NULL,
  `subject` varchar(255) NOT NULL,
  `description` text NOT NULL,
  `slug` varchar(255) NOT NULL,
  `ent_date` datetime NOT NULL,
  `upd_date` datetime DEFAULT NULL,
  `status` enum('draft','live') NOT NULL,
  PRIMARY KEY (`id`)
) ENGINE=MyISAM  DEFAULT CHARSET=latin1 AUTO_INCREMENT=14 ;

--
-- Dumping data for table `up_contact_usold`
--

INSERT INTO `up_contact_usold` (`id`, `name`, `email`, `subject`, `description`, `slug`, `ent_date`, `upd_date`, `status`) VALUES
(1, 'Harry', 'me.harrynk@gmail.com', 'i am very sick', 'I am very sick please recommend me some medicine.\r\n', 'harry', '2014-07-16 00:00:00', '2014-07-16 00:00:00', 'live'),
(2, 'Dhruba kc', 'kcdhruba60@gmail.com', 'i am weak', 'i am feeling very week please recommend me some vitamine', 'dhruba-kc', '2014-07-16 00:00:00', NULL, 'live'),
(3, 'salman', 'ali512625@yahoo.com', 'information', 'hi\nhow are you?i am salman from sialkot and i have a girl friend from SLOVAK and i want to to marry her and i want to go there with her\ni need your visa requirements and  your visa processing time \nplease let me know how can i get visa\n\ni am waiting for you kind reply\nthank you', 'salman', '2014-10-13 00:00:00', NULL, 'live'),
(4, 'shahzad', 'shazfsd@gmail.com', 'please can you contact with', 'hi sir i am shahzad\ni want to apply visa for slovakia. so i need help about this matter. i have been called you many times at this number 00924236652291 but no boby take the call i am realy upset about this matter my personal number is 03137170009 so please help me about this matter i am still waiting for you thank you.', 'shahzad', '2014-11-07 00:00:00', NULL, 'live'),
(5, 'ZAHIR ULLAH', 'ksa552007@yahoo.com', 'i have EEA Residence card as family member of an EEA national do i need visa to enter SLOVAKIA if i join my partner in slovakia ', 'HONORARY CONSULATE OF THE SLOVAK REPUBLIC\nPAKISTAN\nDear Sir/Madam,\n                            This with the reference to my visit slovakia ,  regarding free entry in to EU Country, wherein your honour  has clarified in response  traveling to Slovakia and another  Schengen area  with together my EU partner or travelling to join my partner  in EU country   I have EEA Residence Card in  United Kingdom  issue under the Directive 2004/38/EC(free movement directive)which  the Residence Card  should clearly state that the holder is a  (Residence Card  of family Member of an EEA National)  my request to you if I hold EEA(European Economic area)Residence Card in UK as a family member and I want to join my EU National partner in any Schengen Countries  do I need visa or enter without need for a visa to enter any EU country for example if I join my EU national partner in slovakia  do I need visa or free entry ,I was sent email to European Commission on 13/11/2013 they were reply me within 3 working days,\n1:-if you are a non EU national but have family member who are,you can accompany or join them in another EU country, non EU family members must carry a valid passport and Residence Card at all the times and depending on the country they are from, may also have to show Residence Card at the border, if you are facing difficulties exercising your rights in the European Union your Europe Advice team of independent legal experts is also available to you the legal experts of this service will research your question and within eight days advise your further in your own language by phone or email as required the your Europe Advise team can be contacted at all the time our team member of staff.\nFor my convenience and in order to avoid any confusion to the Immigration authorities at the port of entry of Austria or any another EU country, kindly issue me a letter stating such fact that  I HAVE NO NEED OF VISA AND MAY ENTITLE TO ENTER SLOVAKIA  OR ANOTHER EU COUNTRY  WITH OUT NEED FOR A VISA IF I HAVE EUROPEAN ECONOMIC AREA RESIDENCE CARD AS A FAMILY MEMBER OF EEA NATIONAL,\nI been visit to EU country  I send email to  EU country Immigration Authorities they were reply me like this\n2:-if your residence card has been issued to you under the Directive 2004/38/EC(free movement directive)you may travel to EU without need  for a visa as per the Statutory Instrument 146/2011-Iimmigration Act 2004(Visas)order 2011.\nYou will need your passport and residence card and stay up to 90 days you do not need a visa: your passport and residence card showing you are the family member of an EU citizen and have been granted EU Treaty Right.\nWe thank you in anticipation of your usual and prompt response in this regard.\nYour faithfully,\nZahir Ullah', 'zahir-ullah', '2014-11-26 00:00:00', NULL, 'live'),
(6, 'ZUZANA BIROSCAKVA', 'zuzana.biroscak@gmail.com', 'SCHENGEN VISA APPLICATION', 'Good afternoon,\n\nI would like to enquire about Schengen visa for my fiancé who lives in Pakistan.\n\nWe would like to travel to Slovakia together and the main reason for this would be visiting my family and show him a bit of Slovak culture as well.\n\nI was born in Slovakia however became British last May and had to surrender my nationality.\n\nI know for sure he will need an invitation letter with his application.\nWould this be from me (even I am British now) or can I ask my parents/family to write a letter?\n\nI am planning to visit him in February and would like to try sorting out his visa while in Lahore.\n\nWould you give me summary of the documents he needs when submitting his application?\n\nI look forward to your response.\n\nMany Thanks.\n', 'zuzana-biroscakva', '2014-12-30 00:00:00', NULL, 'live'),
(7, 'Liaquat Ali Rana', 'impakistan120@gmail.com', 'info', 'Hi,\n\nI am trying to apply for study BSBA in CITY UNIVERSITY SLOVAKIA. They have replied me to attest my documents from APOSTILLE. At the end they have told me to submit a police character certificate at the embassy of Slovakia in Delhi India. I want to ask you how can i attest my documents from APOSTILLE and how can i submit police character certificate in embassy of SLOVAKIA Delhi because I am Pakistani. Please inform me how and where I can get study VISA?\n\nRegards,\nLiaquat Ali Rana', 'liaquat-ali-rana', '2015-02-18 00:00:00', NULL, 'live'),
(8, 'Shafiq Hayat', 'u.a.wasiq@gmail.com', 'Visa Enquiry', '\nSir/Madam,\n\n\nI''m European National and want to visit Republic of Slovakia with some of my Pakistan National friends. Where I submit their documents as well as what procedure is been adopted. Please send me your best guidelines as soon as you can.\n\n\nRegards,\n\nShafiq Hayat', 'shafiq-hayat', '2015-04-06 00:00:00', NULL, 'live'),
(9, 'Kashif Mukhtar', 'skashifm@hotmail.com', 'Appointment for visit visa', 'Dear Sir/Madam\n\nKindly accept our complements. \n\nI intend to apply for visit visa to Solovakia. Do i need any appointment to submit visa application? \n\nregards\n\nKashif\n0300-9601729', 'kashif-mukhtar', '2015-04-12 00:00:00', NULL, 'live'),
(10, 'Nouman', 'nt-h@live.com', 'visa information', 'hello,\ni live in Karachi. can i apply for a visa from Karachi? or may i must go to Lahore for the application procedure? i want to apply for National visa type D (long-stay) .\nThank You.', 'nouman', '2015-05-09 00:00:00', NULL, 'live'),
(11, 'zeeshan', 'zeeshanheart1@hotmail.com', 'information required', 'dear sir,\n\ni am interested to apply business visa of slovakia. i am a pakistani national and live in pakistan. is there any slovakian high commission in pakistan?\n\nfrom which country a pakistani national can apply slovakia business visa?\n\nregards,\n\nzeeshan.', 'zeeshan', '2015-06-03 00:00:00', NULL, 'live'),
(12, 'Sumera Latif', 'sumera@totalgroup.com.pk', 'visa processing requirement ', 'Dear Sir,\n\nThis is Ms. Sumera Latif from Total Technologies Pvt. Limited- Pakistan, working as Management Assistant. We are importer of Medical Equipment and Dental products.\nWe are pleased to inform you that two of our Engineers has to attend Fona Training going to take place at our principal premises FONA Dental S.r.o. located in Bratislava Slovakia from 19-07-2015 to 25-07-2015.\n\nPlease be so kind and let us know the requirement for their visa processing as well as appointment taking procedure/ schedule.\n', 'sumera-latif', '2015-06-11 00:00:00', NULL, 'live'),
(13, 'kamal', 'kamal@upvedatech.com', 'test', 'test', 'kamal', '2016-03-31 00:00:00', NULL, 'live');

-- --------------------------------------------------------

--
-- Table structure for table `up_links`
--

CREATE TABLE IF NOT EXISTS `up_links` (
  `id` int(20) NOT NULL AUTO_INCREMENT,
  `title` varchar(255) NOT NULL,
  `slug` varchar(255) NOT NULL,
  `links` varchar(255) NOT NULL,
  `ent_date` datetime NOT NULL,
  `upd_date` datetime NOT NULL,
  `status` enum('draft','live') NOT NULL DEFAULT 'draft',
  PRIMARY KEY (`id`)
) ENGINE=InnoDB  DEFAULT CHARSET=latin1 AUTO_INCREMENT=9 ;

--
-- Dumping data for table `up_links`
--

INSERT INTO `up_links` (`id`, `title`, `slug`, `links`, `ent_date`, `upd_date`, `status`) VALUES
(5, 'The PRESIDENCY - OFFICIAL WEBSITE', 'the-presidency-official-website', 'http://www.president.go.ke/', '2015-08-20 00:00:00', '2015-08-20 00:00:00', 'live'),
(6, 'Ministries', 'ministries', 'http://www.presidency.go.ke/index.php/ministries', '2015-08-20 00:00:00', '2015-08-20 00:00:00', 'live'),
(7, 'The Kenya Tourism Board ', 'the-kenya-tourism-board', 'http://www.magicalkenya.com/', '2015-08-20 00:00:00', '2015-08-20 00:00:00', 'live'),
(8, 'Ministry of Interior and Coordination of National Government ', 'ministry-of-interior-and-coordination-of-national-government', 'http://www.immigration.go.ke/', '2015-08-20 00:00:00', '2015-08-20 00:00:00', 'live');

-- --------------------------------------------------------

--
-- Table structure for table `up_modules`
--

CREATE TABLE IF NOT EXISTS `up_modules` (
  `id` int(11) NOT NULL AUTO_INCREMENT,
  `title` varchar(255) NOT NULL,
  `slug` varchar(255) NOT NULL,
  `ent_date` date NOT NULL,
  `upd_date` date DEFAULT NULL,
  PRIMARY KEY (`id`),
  UNIQUE KEY `title` (`title`)
) ENGINE=InnoDB  DEFAULT CHARSET=latin1 AUTO_INCREMENT=13 ;

--
-- Dumping data for table `up_modules`
--

INSERT INTO `up_modules` (`id`, `title`, `slug`, `ent_date`, `upd_date`) VALUES
(1, 'Banner', 'banner', '2014-02-28', '2014-08-06'),
(2, 'Modules', 'modules', '2014-02-28', NULL),
(3, 'Navigation', 'navigation', '2014-02-28', NULL),
(4, 'Pages', 'pages', '2014-02-28', NULL),
(5, 'Groups', 'groups', '2014-02-28', NULL),
(6, 'Permissions', 'permissions', '2014-02-28', NULL),
(7, 'Settings', 'settings', '2014-02-28', NULL),
(8, 'Users', 'users', '2014-04-04', NULL),
(9, 'Photos', 'photos', '2014-08-04', NULL),
(10, 'contact_us', 'contact_us', '2014-08-05', NULL),
(11, 'News', 'news', '2014-08-06', NULL),
(12, 'location', 'location', '2016-04-11', NULL);

-- --------------------------------------------------------

--
-- Table structure for table `up_navigation`
--

CREATE TABLE IF NOT EXISTS `up_navigation` (
  `id` int(11) NOT NULL AUTO_INCREMENT,
  `group_id` int(11) NOT NULL,
  `title` varchar(255) NOT NULL,
  `slug` varchar(255) NOT NULL,
  `parent_id` int(11) NOT NULL,
  `navtype` varchar(255) NOT NULL,
  `module_id` int(11) DEFAULT NULL,
  `page_id` int(11) DEFAULT NULL,
  `site_uri` varchar(255) DEFAULT NULL,
  `link_url` text,
  `position` varchar(255) DEFAULT NULL,
  `status` enum('draft','live') NOT NULL DEFAULT 'draft',
  PRIMARY KEY (`id`)
) ENGINE=InnoDB  DEFAULT CHARSET=latin1 AUTO_INCREMENT=65 ;

--
-- Dumping data for table `up_navigation`
--

INSERT INTO `up_navigation` (`id`, `group_id`, `title`, `slug`, `parent_id`, `navtype`, `module_id`, `page_id`, `site_uri`, `link_url`, `position`, `status`) VALUES
(1, 1, 'The Consulate', 'home', 0, 'Page', 0, 1, 'NULL', 'NULL', '1', 'live'),
(4, 2, 'Home', 'home', 0, 'Page', 0, 1, '', 'NULL', '1', 'live'),
(5, 2, 'About Us', 'about-us', 0, 'Page', 0, 2, '', 'NULL', '4', 'live'),
(6, 2, 'Contact Us', 'contact-us', 0, 'Module', 10, 0, '', 'NULL', '5', 'live'),
(31, 1, 'Introduction', 'introduction', 1, 'Page', 0, 6, '', 'NULL', '2', 'live'),
(32, 1, 'Honorary Consul Mr. Bilal Asif', 'honorary-consul-mr-bilal-asif', 1, 'Page', 0, 7, '', 'NULL', '3', 'live'),
(33, 1, 'Message from the Consul', 'message-from-the-consul', 1, 'Page', 0, 8, '', 'NULL', '4', 'draft'),
(38, 1, 'The Republic of Kenya', 'the-republic-of-kenya', 0, 'Page', 0, 12, '', 'NULL', '7', 'live'),
(39, 1, 'Introduction', 'introduction', 38, 'Page', 0, 13, '', 'NULL', '8', 'live'),
(40, 1, 'History', 'history', 38, 'Page', 0, 14, '', 'NULL', '9', 'live'),
(41, 1, 'Government', 'government', 38, 'Page', 0, 15, '', 'NULL', '10', 'live'),
(42, 1, 'Economy', 'economy', 38, 'Page', 0, 16, '', 'NULL', '11', 'live'),
(43, 1, 'Business and Trade', 'business-and-trade', 0, 'Page', 0, 25, '', 'NULL', '12', 'live'),
(44, 1, 'Introduction', 'introduction', 43, 'Page', 0, 17, '', 'NULL', '13', 'live'),
(45, 1, 'Establishing a Business', 'establishing-a-business', 43, 'Page', 0, 18, '', 'NULL', '14', 'live'),
(46, 1, 'Trade and Exports', 'trade-and-exports', 43, 'Page', 0, 19, '', 'NULL', '15', 'draft'),
(47, 1, 'Resources', 'resources', 43, 'Page', 0, 20, '', 'NULL', '16', 'draft'),
(48, 1, 'Travel and Culture', 'travel-and-culture', 0, 'Page', 0, 21, '', 'NULL', '19', 'live'),
(49, 1, 'Introduction', 'introduction', 48, 'Page', 0, 22, '', 'NULL', '20', 'live'),
(50, 1, 'Planning a Trip', 'planning-a-trip', 48, 'Page', 0, 23, '', 'NULL', '21', 'live'),
(51, 1, 'Visas and Passports', 'visas-and-passports', 48, 'Page', 0, 24, '', 'NULL', '22', 'live'),
(52, 1, 'Gallery', 'gallery', 0, 'Module', 9, 0, '', 'NULL', '25', 'live'),
(53, 1, 'Contact Us', 'contact-us', 0, 'Module', 10, 0, '', 'NULL', '26', 'live'),
(54, 1, 'Cities and Towns', 'cities-and-towns', 48, 'Page', 0, 26, '', 'NULL', '23', 'draft'),
(55, 1, 'Tourist Destinations', 'tourist-destinations', 48, 'Page', 0, 27, '', 'NULL', '24', 'live'),
(58, 1, 'Consulate Services', 'consulate-services', 0, 'Page', 0, 9, '', 'NULL', '27', 'live'),
(59, 1, 'test1', 'test1', 58, 'Page', 0, 34, '', 'NULL', '28', 'live'),
(60, 1, 'test2', 'test2', 59, 'Page', 0, 35, '', 'NULL', '29', 'live'),
(61, 1, 'test3', 'test3', 59, 'Page', 0, 36, '', 'NULL', '30', 'live'),
(64, 1, 'tesst', 'tesst', 58, 'Page', 0, 11, '', 'NULL', '31', 'live');

-- --------------------------------------------------------

--
-- Table structure for table `up_navigation_group`
--

CREATE TABLE IF NOT EXISTS `up_navigation_group` (
  `id` int(11) NOT NULL AUTO_INCREMENT,
  `title` varchar(255) NOT NULL,
  `slug` varchar(255) NOT NULL,
  PRIMARY KEY (`id`)
) ENGINE=InnoDB  DEFAULT CHARSET=latin1 AUTO_INCREMENT=4 ;

--
-- Dumping data for table `up_navigation_group`
--

INSERT INTO `up_navigation_group` (`id`, `title`, `slug`) VALUES
(1, 'Header', 'header'),
(2, 'Footer', 'footer'),
(3, 'Sidebar', 'sidebar');

-- --------------------------------------------------------

--
-- Table structure for table `up_news`
--

CREATE TABLE IF NOT EXISTS `up_news` (
  `id` int(11) NOT NULL AUTO_INCREMENT,
  `title` varchar(255) NOT NULL,
  `published_date` int(11) NOT NULL,
  `description` text NOT NULL,
  `attachment` varchar(255) DEFAULT NULL,
  `slug` varchar(255) NOT NULL,
  `ent_date` int(11) NOT NULL,
  `upd_date` int(11) DEFAULT NULL,
  `status` enum('draft','live') NOT NULL,
  PRIMARY KEY (`id`)
) ENGINE=MyISAM  DEFAULT CHARSET=latin1 AUTO_INCREMENT=10 ;

--
-- Dumping data for table `up_news`
--

INSERT INTO `up_news` (`id`, `title`, `published_date`, `description`, `attachment`, `slug`, `ent_date`, `upd_date`, `status`) VALUES
(1, 'Felicitation of Honorable Consul of The Republic of Kenya in Indonesia', 2015, 'The Honorary Consulate of Republic of Kenya in Indonesia commenced in 2015 . Mr Bilal Asif was appointed as the Honorary Consul of the Consulate of the Republic of Kenya in Indonesia amidst a formal event in Indonesia. \n', '1.JPG', 'felicitation-of-honorable-consul-of-the-republic-of-kenya-in-indonesia', 2014, 2015, 'live'),
(2, 'Meeting of the honorable delegates for official commencing of The Consulate', 2015, 'Meeting of the honorable delegates for official commencing of The Consulate took place in Indonesia\n', '2.jpg', 'meeting-of-the-honorable-delegates-for-official-commencing-of-the-consulate', 2014, 2015, 'live');

-- --------------------------------------------------------

--
-- Table structure for table `up_pages`
--

CREATE TABLE IF NOT EXISTS `up_pages` (
  `id` int(11) NOT NULL AUTO_INCREMENT,
  `title` varchar(255) CHARACTER SET utf8 COLLATE utf8_unicode_ci NOT NULL,
  `slug` varchar(255) NOT NULL,
  `description` text NOT NULL,
  `ent_date` date NOT NULL,
  `upd_date` date DEFAULT NULL,
  `status` enum('draft','live') NOT NULL DEFAULT 'draft',
  PRIMARY KEY (`id`),
  UNIQUE KEY `title` (`title`)
) ENGINE=InnoDB  DEFAULT CHARSET=latin1 AUTO_INCREMENT=37 ;

--
-- Dumping data for table `up_pages`
--

INSERT INTO `up_pages` (`id`, `title`, `slug`, `description`, `ent_date`, `upd_date`, `status`) VALUES
(1, 'Home', 'home', '', '2014-02-28', NULL, 'live'),
(2, 'About Us', 'about-us', '<h3>About Us</h3>\n<p>\nUpveda Technology Pvt. Ltd was established in December 2010 as a software firm with an aim to provide software development services to variety of organizations including Government institutions and Small and Medium Sized Enterprises. Upveda Technology aims to foster customized software solutions to cater to the clients&#39; unique and real time needs. Upveda technology Pvt. Ltd emphasizes on creating a competitive ambience to its customers through its niche software solutions. Since its inception Upveda Technology Pvt. Ltd has believed in creating value to its customers through conceptualization consulting and software development services for real time problems.&nbsp;\n</p>\n', '2014-03-03', '2014-04-08', 'live'),
(3, 'Contact Us', 'contact-us', '<h3>Contact Us</h3>\n<p>\n<font color="#008000"><strong><u>Honorary Consulate of The Republic of Kenya</u></strong></font>\n</p>\n<p>\nBellagio Office Park\n</p>\n<p>\nOL2/30-32 Mega Kuningan\n</p>\n<p>\nJakarta 12950 - Indonesia\n</p>\n<p>\nPhone: +62 21 30066151~53 Fax: +62 21 30066155/66\n</p>\n<p>\nEmail : info@hckenya.com\n</p>\n<p>\nWebsite: www.hckenya.com&nbsp;\n</p>\n<p>\n&nbsp;\n</p>\n', '2014-04-07', '2015-08-23', 'live'),
(4, 'Under Construction', 'under-construction', 'This is the page for under construction\n', '2014-07-22', NULL, 'live'),
(5, 'The Consulate', 'the-consulate', 'The Consulate page\n', '2014-08-03', NULL, 'live'),
(6, 'Consulate Office', 'consulate-office', '<p>\r\n<strong><u><font color="#993366">Welcome to the Honorary Consulate of The Republic of Kenya</font></u></strong>\r\n</p>\r\n<p class="MsoNormal">\r\n<img src="../../../../upvedacms/uploads/default/Image/kenyaconsulate/13.jpg" alt=" " width="600" height="419" />\r\n</p>\r\n<p class="MsoNormal">\r\nWelcome to the website of the\r\nHonorary Consulate of the Republic of Kenya in Indonesia. The Honorary\r\nConsulate of Republic of Kenya in Indonesia commenced in 2015 . Mr Bilal Asif is the Honorary Consul of the Consulate of the Republic of Kenya in Indonesia. Our cordial greetings to the visitors of this website. We are dedicated to serve you with Consular Services and other information.\r\n</p>\r\n', '2014-08-03', '2016-03-30', 'live'),
(7, 'Honorary Consul Mr. Bilal Asif', 'honorary-consul-mr-bilal-asif', '<img src="../../../../upvedacms/uploads/default/Image/kenyaconsulate/Mr.-Bilal-Asif.png" alt="H.E Mr Bilal Asif" title="H.E Mr Bilal Asif" width="200" height="209" align="left" />\n<p class="MsoNormal">\nMr. Bilal is an Indonesian citizen. He holds a degree in Commerce and Management. Mr. Bilal Asif has been overseeing Royal Group&rsquo;s operations as the Chief Operating Officer and its Director. He has been influential in the expansion of the palm oil businesses and has contributed remarkably in augmentation of the Royal Group. He has highly contributed in contriving the company to become global leader in the palm oil industry and in export of consumer products to worldwide destinations. He is also the President Director of PT Alam Raya, Indonesia which is one of the largest shipping company in Indonesia. With such an illustrative and solid background in production and management, Mr. Bilal Asif has been influential in ensuring adept management of total operations of the group. He is also Director in White Pearl Group of Companies in Pakistan which is mainly engaged in Rice and Jute manufacturing in Pakistan. In addition, he continues to shoulder several other responsibilities within the group. He effectively manages the operations of 100,000 hectares of palm oil plantations in West Kalimantan which includes CPO mills, edible oil refineries and palm kernel seed mills, He also oversees the management of &quot;The White Pearl Group&quot;. Under his management, he has ushered several modern world class manufacturing facilities and played a pivotal role in systematizing diverse innovative technologies that have heightened the group&#39;s overall production capacities. His leadership has been instrumental in managing more than ten thousand staff in the industrial/commercial ventures in Indonesia which spreads out as palm plantations, edible oil refineries, shipping and teak wood businesses. He is also member of Singapore Chamber of Commerce and Industries and Rice Exporters Association of Pakistan (REAP). Mr. Bilal Asif was also awarded the Businessman of the Year Award in 2007 in Pakistan for his contribution to the industrial sector. Mr. Bilal Asif in his humble capacity has generously contributed financial and material help to earthquake and flood victims in Pakistan; to distressed and displaced people of Merapi volcanic eruption in Yogyakarta Indonesia. At his palm oil plantations are remote areas of Kalimantan he did his best to alleviate social conditions by contributing towards village schools, clinics, mosques and churches. He also large heartedly supports Baba Fareed Eye Treatment Trust in Pakistan where 4,000 eye patients are treated annually. Mr Bilal Asif is married and has four sons.\n</p>\n<p class="MsoNormal">\n&nbsp;\n</p>\n<p class="MsoNormal">\n&nbsp;\n</p>\n<p class="MsoNormal">\n&nbsp;\n</p>\n<p class="MsoNormal">\n&nbsp;\n</p>\n', '2014-08-03', '2015-08-23', 'live'),
(8, 'Message from the Consul', 'message-from-the-consul', 'Message from the Consul Page\n', '2014-08-03', '2014-08-06', 'draft'),
(9, 'Consulate Services', 'consulate-services', '<p class="MsoListParagraph">\nThe Consular Section assists both Indonesian National looking to apply for a visa to enter the Republic of Kenya as well as foreigners seeking information on entering Indonesia (as well all non-Indonesians seeking to enter Kenya or the East Africa via the East Africa visa). All nationals from other countries living or travelling through Indonesia are welcome to apply for visa through the Consulate office. In addition, most services for Indonesian (not Indonesia but Kenyan nationals) nationals, such as passport&ndash;related inquiries, are handled through the Consular office.\n</p>\n<p class="MsoListParagraph">\n<font color="#008000"><strong><u>Consular Section Office Hours</u></strong></font>\n</p>\n<p class="MsoListParagraph">\nMonday to Thursday from 09:00 Hours - 17:00 Hours\n</p>\n<p class="MsoListParagraph">\nFriday from 09:00 Hours - 16:00 Hours\n</p>\n<p class="MsoListParagraph">\n<font color="#008000"><strong><u>Consular Section Contact Information</u></strong></font>\n</p>\n<p class="MsoListParagraph">\nEmail : info@hckenya.com\n</p>\n<p class="MsoListParagraph">\n<font color="#008000"><strong><u>Contact Consulate Services</u></strong></font>&nbsp;\n</p>\n<div>\n<div>\nHonorary Consulate of The Republic of Kenya\n</div>\n<div>\nBellagio Office Park,\n</div>\n<div>\nOL2/30-32 Mega Kuningan\n</div>\n<div>\nJakarta 12950 - Indonesia\n</div>\n<div>\nPhone: +62 21 30066151 - 53\n</div>\n<div>\nFax &nbsp;: +62 21 30066155/66\n</div>\n<div>\nEmail: info@hckenya.com\n</div>\n<div>\nWebsite:www.hckenya.com&nbsp;\n</div>\n</div>\n', '2014-08-03', '2015-08-23', 'live'),
(10, 'Contact Information', 'contact-information', '<p>\n<strong><u><font color="#993366">\nConsulate of The Slovak Republic</font></u></strong>\n</p>\n<p>\n57/3 Sher Khan Road, Cantt, Lahore, Pakistan\n</p>\n<p>\nPhone &nbsp;: +924236652291\n</p>\n<p>\nFax &nbsp; &nbsp; &nbsp;: +924236652292\n</p>\n<p>\nEmail &nbsp; : &nbsp;<u>info@slovakconsulate-pakistan.org&nbsp;\n</u>\n</p>\n', '2014-08-03', '2014-08-06', 'live'),
(11, 'FAQ', 'faq', 'FAQ Page\n', '2014-08-03', '2014-08-12', 'draft'),
(12, 'The Republic of Kenya', 'the-republic-of-kenya', '<p>\n<font color="#339966"><strong><u>The Republic of Kenya</u></strong></font>\n</p>\n<p>\nKenya, officially the Republic of Kenya, is a sovereign state in Africa. Its capital and largest city is Nairobi. Kenya lies on the equator with the Indian Ocean to the south-east, Tanzania to the south, Uganda to the west, South Sudan to the north-west, Ethiopia to the north and Somalia to the north-east. Kenya covers 581,309 km2 (224,445 sq mi) and has a population of about 44 million in July 2012.\n</p>\n<p>\n<font color="#339966"><strong><u>CLIMATE</u></strong></font>\n</p>\n<p>\nThe country has a warm and humid climate along its Indian Ocean coastline, with wildlife-rich savannah grasslands inland towards the capital. Nairobi has a cool climate that gets colder approaching Mount Kenya, which has three permanently snow-capped peaks. Further inland there is a warm and humid climate around Lake Victoria, and temperate forested and hilly areas in the western region. The northeastern regions along the border with Somalia and Ethiopia are arid and semi-arid areas with near-desert landscapes. Lake Victoria, the world&#39;s second largest fresh-water lake and the world&#39;s largest tropical lake, is situated to the southwest and is shared with Uganda and Tanzania.&nbsp;\n</p>\n', '2014-08-03', '2015-08-20', 'live'),
(13, 'Kenya Introduction', 'kenya-introduction', '<p>\n<font color="#008000"><strong><u>Location</u></strong></font>\n</p>\n<p>\nKenya is bordered to the north by Sudan and Ethiopia, to the east by Somalia, to the west by Uganda, to the south by Tanzania, and to the southeast by the Indian Ocean. Much of the country, especially in the north and east, is arid or semi-arid. From the Indian Ocean the land rises gradually through dry bush to the fine arable land of the highlands.\n</p>\n<p>\n<strong><u><font color="#008000">Area</font></u></strong>\n</p>\n<p>\nKenya covers an area of approximately 224,960 square miles and lies almost exactly astride the equator.\n</p>\n<p>\n<font color="#008000"><strong><u>Climate</u></strong></font>\n</p>\n<p>\nIn the low-lying districts, particularly along the coast, the climate is tropical, hot and humid. On the Plateau and in the highlands the climate is more temperate. Western Kenya and most parts of Nyanza experience heavy conventional rain and have two rain seasons, the long rains from April to June and the short rains from October to November.\n</p>\n<p>\n<font color="#008000"><strong><em>Kenyas warm climate is favourable for tourism during the drier season that is between September and March.</em></strong></font>\n</p>\n<p>\n<font color="#008000"><strong><u>Principal commercial cities and towns</u></strong></font>\n</p>\n<p>\nNairobi is the capital city and a commercial center. It is situated 300 miles from the Coast and lies midway between the capitals of Uganda and Tanzania. It is the largest city in East Africa and houses two UN agencies, UNEP and Habitat. Mombasa is Kenyas main port and a popular holiday city. It is situated on an island in a natural sheltered inlet. It is the only port that serves not only Kenya but land locked countries like Uganda, Rwanda and Burundi and Eastern Democratic Republic of Congo and Southern Sudan. Kisumu is the Chief Port city on the shores of lake Victoria. It serves western Kenya, Uganda and Tanzania. Nakuru is an agricultural and industrial town in the Rift Valley basin. Eldoret lies on the main road and rail route to Uganda. It is mainly an agricultural town that serves wheat and Maize farmers from the North Rift.\n</p>\n', '2014-08-03', '2015-08-20', 'live'),
(14, 'History', 'history', '<p>\n<font color="#008000"><strong><u>The History of The Republic of Kenya</u></strong></font>\n</p>\n<p>\n<font color="#008000"><strong><u>ORIGIN OF OUR NAME</u></strong></font>\n</p>\n<p>\nKenya is named after Mount Kenya- the second tallest Mountain in Africa. The Kikuyu people who lived around present day Mt Kenya referred to it as Kirinyaga or Kerenyaga, meaning mountain of whiteness because of its snow capped peak. Mt Kirinyaga which was the main landmark became synonymous with the territory the British later claimed as their colony. The name Kenya arose out of the inability of the British to pronounce Kirinyaga correctly.\n</p>\n<p>\n<strong><u><font color="#008000">INITIAL SETTLERS</font></u></strong>\n</p>\n<p>\nThe first people to settle in Kenya were indigenous African communities who migrated from various parts of the continent. Other visitors included traders, explorers and tourists who came in from various parts of the world such as Portugal, Arabia, Roman empire, India and Greece. They visited mainly the East African Coast from as early as the first century A.D. While the majority of the visitors went back to their countries, some settled, and intermarried with the local populations giving rise to a new Swahili culture along the Coast. The civilisation base of craft industries, farming, fishing and international trade gave rise to both Coastal city states such as Siu, Pate, Lamu, Malindi, Gede, Mombasa and Vanga . Islam and Kiswahili language were also introduced. The traders from overseas brought such items as clothes, beads, wines, iron weapons, porcelain and handicrafts. These were exchanged for ivory, timber, gold, copper, rhinoceros horns, animal skins and slaves.\n</p>\n<p>\nThe first major European presence in East Africa started with the arrival of the Portuguese in the East African waters in 1498 when Vasco Da Gamas fleet made its initial forays on its way to the East Indies. On the first voyage his only negotiations were with the ruler of Malindi and, indeed, for the next hundred years this alliance was the foundation of the Portuguese network in the region. Their quest to control and dominate the lucrative Indian Ocean trade, the conquest of several city-states along the coast, and the establishment of their dominance, lasted 200 years. The Portuguese presence was however, hated and resisted and there were many insurrections against them. The Portuguese were finally kicked out of the Coastal towns through a combination of local nationalisms, aided by the Omani Arabs. To ensure the Portuguese did not return, Sultan Seyyid Said of Oman moved his capital to Zanzibar and ruled the entire East African Coastline until the establishment of British rule.\n</p>\n<p>\n<strong><u><font color="#008000">COLONIAL RULE</font></u></strong>\n</p>\n<p>\nThe scramble for colonies in Africa among European countries reached fever pitch in 1884, when the Berlin Conference was convened to partition Africa amongst European colonial rivals. Among British acquisitions was the land we today call Kenya. A British trading company, Imperial British East Africa Company, was set up and posted to administer Kenya under the name British East Africa Protectorate. When it was realised that the company could not contain Kenyas hostile communities the British declared the country a colony and Protectorate on 1st July 1895 and posted the first Governor, Sir Arthur Hardinge, to establish a formal British administration.\n</p>\n<p>\nThe seventy years of colonial rule in Kenya were characterised by punitive economic, social and political policies. Most outstanding among these policies was racial discrimination. Huge fertile land was alienated for white settlement, and harsh labour laws were enacted to force the Africans to work at low wages on settler farms and public works. In addition, African political participation was confined to local government. It was against this scenario that African protest movements began in earnest from the early 1920s.\n</p>\n<p>\n<font color="#008000"><strong><u>PATHWAY TO INDEPENDENCE</u></strong></font>\n</p>\n<p>\nSeveral political associations, including the Young Kikuyu Association, East African Association, Young Kavirondo Association, North Kavirondo Central Association and Taita Hills Association, were formed to articulate African grievances against forced labour, low wages, heavy taxation, continuing land alienation, and racial discrimination. Between 1944 and 1960 African political activity and pressure were intensified.\n</p>\n<p>\nIn 1944, the first countrywide nationalist party, Kenya African Union (KAU) was formed. And in the same year the first African, Eliud Mathu, was nominated to the settler dominated Legislative Council. Unhappiness with the slow political and economic change led to the breakdown of law and order in the early 1950s, and in 1952 Governor, Sir Everlyn Baring declared a state of emergency following the outbreak of the Mau Mau rebellion, whose major grievances included land alienations, racial discrimination and lack of political progress. The state of emergency, however, intensified political resolve for independence, forcing the colonial government to come up with constitutional proposals.\n</p>\n<p>\nUnder the Lyttleton constitution of 1954 Africans were allowed to directly elect their representatives to the Legislative Council. The elections were held in 1957, and eight African leaders - Ronald Ngala, Tom Mboya, Daniel arap Moi, Mate, Muimi, Oginga Odinga, Oguda and Muliro, were elected. They stepped up agitation for widened representation and independence. After considerable discussion, it was decided to form a mass organization to mobilize the people for the final assault on colonialism, hence the birth of Kenya African National Union, (KANU). KANU was formed in March 1960, at Kiambu town, and on 11 June 1960, it was registered as a mass political society. But as the objective of freedom became evident, many of the smaller communities feared domination by the larger ethnic groups, and on June 25, 1960 they formed the Kenya African Democratic Union (KADU).\n</p>\n<p>\nThe first election on a broad electoral register was held in 1961, and was won by KANU. In another election in May 1963, KANU captured 83 of the 124 seats in the House of Representatives and formed the Madaraka Administration on 1st June 1963, and the independence Government on 12th December 1963, under Mzee Jomo Kenyatta.\n</p>\n<p>\n<strong><u><font color="#008000">INDEPENDENT KENYA</font></u></strong>\n</p>\n<p>\nThe first Government of independent Kenya immediately had to deal with some pressing economic and political problems. The priorities were acceleration of growth, Kenyanisation of the economy and redistribution of incomes. None of these, however, could be achieved without political stability, and it was first felt necessary to neutralize those elements in the country who supported extreme policies and who was undermining, rather than building confidence in the new nation. Thus, Kenya embarked on the road to peace and stability, which has made it possible for the country to realize great strides in development. Kenya has played a leading role in the quest for peace and stability in the turbulent East African region, because of her stability and general neutrality.\n</p>\n<p>\nSince independence Kenya has had 4 presidents. The first president mzee Jomo Kenyatta led Kenya since its independence. Upon Kenyatta&rsquo;s death on 22nd August 1978, Daniel Arap Moi took over the leadership until he retired on 30th December 2002- in line with a constitutional provision which limits the presidential term to a maximum 10 years of 5 years each. Mwai Kibaki then took over from Moi on 30th December 2002 to become Kenya&#39;s third President through the National Rainbow Coalition (NARC) thus ending KANU&#39;s forty year dominance. Kibaki was re-elected in 2007 and handed over to current President Uhuru Kenyatta on March 2012. President Uhuru was elected on The National Alliance (TNA) Party.&nbsp;\n</p>\n', '2014-08-03', '2015-08-20', 'live'),
(15, 'Government', 'government', '<p>\n<font color="#008000"><strong>Government The Republic of Kenya</strong></font>\n</p>\n<p>\n<font color="#008000"><strong><u>Overview the Presidency</u></strong></font>\n</p>\n<p>\nKenya is a presidential representative democratic republic. The President is both the head of state and head of government, and of a multi-party system. Executive power is exercised by the government. Legislative power is vested in both the government and the National Assembly or parliamentary lower house. The Judiciary is independent of the executive and the legislature. The primary role of the Presidency is the organization and coordination of Government business. &nbsp;The effectiveness and efficiency of this office, given its technical leadership role and mandate in policy formulation, review and decision-making, impacts decisively on the performance of all other public sector entities. &nbsp;In view of that fact therefore, the performance of the Presidency being central to all government functions, ultimately transcends all facets of public sector management. The Presidency is central in ensuring the president achieve his objectives.\n</p>\n<p>\n<strong ><u>HIS EXCELLENCY HON. UHURU KENYATTA, C.G.H, PRESIDENT AND COMMANDER IN CHIEF OF THE DEFENCE FORCES OF THE REPUBLIC OF KENYA</u></strong>\n</p>\n<p>\n<img src="../../../../upvedacms/uploads/default/Image/kenyaconsulate/President.jpg" alt="HIS EXCELLENCY HON. UHURU KENYATTA" title="HIS EXCELLENCY HON. UHURU KENYATTA" width="200" height="286" />&nbsp;\n</p>\n<p>\nThe new constitution has radically altered the structure of governance in the country where the President, in addition to holding the positions of Head of State and Government, has been elected in a new framework that specifically separates the executive from the legislature as was the case in the previous dispensation. This distinction has necessitated the need for a radical overhaul of the previous structure of executive governance in order to establish the terms of engagement of the Presidency within the new constitutional order. At the same time, the implementation of a devolved structure of government operating within the ambit of an executive Presidency similarly demands the establishment of key competences to support the President, so as to secure the cohesiveness of national policies and programmes as well as the operations of a cohesive government.\n</p>\n<p>\nIn this regard, the Presidency has been restructured as follows &ndash;&nbsp;\n</p>\n<p>\n<strong><font color="#008000">The Executive Office of the President (EOP).&nbsp;</font></strong>\n</p>\n<p>\n<font color="#008000"><strong>The Office of the Deputy President (ODP).</strong></font>\n</p>\n<p>\n<font color="#008000"><strong>The Ministry of Interior and Coordination of National Government.</strong></font>\n</p>\n<p>\n<font color="#008000"><strong>The Ministry of Devolution and Planning.</strong></font>\n</p>\n<p>\n<font color="#008000"><strong>Staff</strong></font>\n</p>\n<p>\nThe staff structure enables the EOP and the EODP to limit the President to the core functions of Strategic Policy Direction, coordination, monitoring and oversight. The Presidency as proposed sees a dramatic departure from its historical structure and its traditional roles. The Executive Office of the President (EOP) which will be the Presidents Front office, and will be headed by the Chief of Staff and will consists of Senior Advisors to the President whose role will be to advise the President in the performance of his mandate. The EOP is organized in accordance with the wishes of the incumbent President and is directed by staff chosen by the President. The tenure and durability of an Executive Office advisory position is dependent upon its usefulness to the President.\n</p>\n<p>\nThe Senior Advisors will advice the President in such matters as he may direct, and at the specific request of the President, will get information, condense and summarize it for his use. Senior Advisors to the President will be Heads of their respective Offices in the EOP, and will be supported by a core team of staffers, including Directors, Technical officers and interns.\n</p>\n', '2014-08-03', '2015-08-20', 'live'),
(16, 'Economy', 'economy', '<p>\n<strong><u><font color="#008000">TOURISM</font></u></strong>\n</p>\n<p>\n<img src="../../../../upvedacms/uploads/default/Image/kenyaconsulate/Herd_of_Elephants.jpg" alt="Herds of Elephant" title="By Benh LIEU SONG / Benh LIEU SONG (Flickr: Elephants Family) [CC BY-SA 2.0 (http://creativecommons.org/licenses/by-sa/2.0)], via Wikimedia Commons" width="500" height="175" />&nbsp;\n</p>\n<p>\nKenya&#39;s services sector, which contributes about 61 percent of GDP, is dominated by tourism. The tourism sector has exhibited steady growth in most years since independence and by the late 1980s had become the country&#39;s principal source of foreign exchange. Tourists, the largest number from Germany and the United Kingdom, are attracted mainly to the coastal beaches and the game reserves, notably, the expansive East and West Tsavo National Park (20,808 square kilometres (8,034 sq mi)) in the southeast.\n</p>\n<p>\n<img src="../../../../upvedacms/uploads/default/Image/kenyaconsulate/800px-Sunset_on_Reunion_Island.jpg" alt="sunset on Reunion Island" title="By Jean-Marc Astesana from Voisins le Bretonneux, France. (Sunset on Reunion Island.) [CC BY-SA 2.0 (http://creativecommons.org/licenses/by-sa/2.0)], via Wikimedia Commons" width="400" height="260" />&nbsp;\n</p>\n<p>\n<strong><u><font color="#008000">AGRICULTURE</font></u></strong>\n</p>\n<p>\nAgriculture is the second largest contributor to Kenya&#39;s gross domestic product (GDP), after the service sector. In 2005 agriculture, including forestry and fishing, accounted for about 24 percent of GDP, as well as for 18 percent of wage employment and 50 percent of revenue from exports. The principal cash crops are tea, horticultural produce, and coffee; horticultural produce and tea are the main growth sectors and the two most valuable of all of Kenya&#39;s exports. The production of major food staples such as corn is subject to sharp weather-related fluctuations. Production downturns periodically necessitate food aid&mdash;for example, in 2004 aid for 1.8 million people because of one of Kenya&#39;s intermittent droughts.&nbsp;\n</p>\n<p>\n<strong><u><font color="#008000">ENERGY</font></u></strong>\n</p>\n<p>\nThe largest share of Kenya&#39;s electricity supply comes from hydroelectric stations at dams along the upper Tana River, as well as the Turkwel Gorge Dam in the west. A petroleum-fired plant on the coast, geothermal facilities at Olkaria (near Nairobi), and electricity imported from Uganda make up the rest of the supply. Kenya&#39;s installed capacity stood at 1,142 megawatts between 2001 and 2003. The state-owned Kenya Electricity Generating Company (KenGen), established in 1997 under the name of Kenya Power Company, handles the generation of electricity, while the Kenya Power and Lighting Company (KPLC), which is slated for privatisation, handles transmission and distribution. Shortfalls of electricity occur periodically, when drought reduces water flow. To become energy sufficient, Kenya aims to build a nuclear power plant by 2017.\n</p>\n', '2014-08-03', '2015-08-20', 'live'),
(17, 'Business Introduction', 'business-introduction', '<div>\n<div>\n<font color="#008000"><strong><u>Why Do Business in Kenya</u></strong></font>\n</div>\n<div>\n&nbsp;\n</div>\n<div>\n<font color="#008000"><strong>Tax Treaties and Investment Promotion and Protection Agreements</strong></font>\n</div>\n<div>\nKenya is a signatory to a large and growing number of tax treaties and investment promotion and protection Agreements such as the Multilateral Trade System &#40;MTS&#41; ACP Cotonou Agreement, and the Africa Growth and Opportunities Act. This allows exports from Kenya to enjoy preferential access to world markets under a number of special access and duty reduction programmes.\n</div>\n<div>\n&nbsp;\n</div>\n<div>\n<strong><font color="#008000">Stability</font></strong>\n</div>\n<div>\nSince independence, Kenya has maintained remarkable stability despite changes in its political system Since the re-emergence of multiparty democracy and promulgation of a new constitution in 2011, Kenyans have enjoyed an increased degree of freedom.\n</div>\n<div>\n&nbsp;\n</div>\n<div>\n<font color="#008000"><strong>Regulatory Reforms</strong></font>\n</div>\n<div>\nKenya is making efforts to lower the cost of doing business by conducting extensive business regulatory reforms intended to substantially reduce the number of licensing requirements and to make the licensing regimes more simple and transparent and focused on legitimate regulatory purposes.\n</div>\n<div>\nAccess to Large pool of Higly Educated and Skilled Work Force\n</div>\n<div>\nKenya prides itself in its large pool of higly educated, skilled and sought after work force in Africa, trained from within the country and in institutions in around the world.\n</div>\n<div>\n&nbsp;\n</div>\n<div>\n<strong><font color="#008000">Strategic Location</font></strong>\n</div>\n<div>\nAs the leading economy in East Africa, Kenyas&rsquo; strategic location and its well developed business infrastructure make it a natural choice for investors and many international firms have made it their regional hub. This grants investors access to the larger East African Community and regional markets with access to over 385 million consumers. Nairobi is also a major transport Hub in East Africa with Connections from Jomo Kenyatta International Airport to Major Destinations around the world. All these are coupled with a convenient Time zone of (GMT +3)\n</div>\n<div>\n&nbsp;\n</div>\n<div>\n<strong><font color="#008000">Highly Developed Social and Physical Infrastructure</font></strong>\n</div>\n<div>\nKenya affords a pleasant and quality standard of living with its spectacular and diverse natural resources. Ranging from wildlife and sceneries. Including the world famous Maasai Mara. The country also boasts of high quality social amenities such as restaurants, hospitals and Entertainment spots. A good reason why the country has the highest number of Expatriates living and working in Kenya.\n</div>\n<div>\n&nbsp;\n</div>\n<div>\n<strong><font color="#008000">Fully Liberalised Economy</font></strong>\n</div>\n<div>\nKenya fully liberalised its economy by removing all obstacles that previously hampered the free flow of trade and private investment. These icludes exchange controls, import and export licensing, as well as restrictions on remittances of profits and dividends.\n</div>\n<div>\n&nbsp;\n</div>\n<div>\n<strong><font color="#008000">Preferential Market Access</font></strong>\n</div>\n<div>\nKenya is signatory to a number of multilateral and bilateral trade agreements as part of its trade policy. Kenya is a member of the World Trade Organization (WTO) making her products access more than 90% of world markets at Most Favoured Nation (MFN) treatment. In addition, Kenya is member to several trade arrangements and beneficiary to trade-enhancing schemes that include the &nbsp;Africa Growth and opportuntity act (AGOA); &nbsp;ACP-EU Trade Agreement and Common Market of Eastern and Southern Africa (COMESA).\n</div>\n<div>\n&nbsp;\n</div>\n<div>\n<strong><font color="#008000">Well Established and Vocal Private Sector</font></strong>\n</div>\n<div>\nKenya has a very substantial private sector, including a significant number of foreign investors and is touted as one of the most resilient in the world. The country has always been a market economy. Key players in voicing private-sector concerns include, The Kenya Private Sector Alliance (KEPSA), Federation of Kenya Employers (FKE) and The Kenya Association of Manufacturers (KAM). Futhermore, the government frequently conducts regular policy dialogue with private sector players through the Prime Minister Round Tables&nbsp;\n</div>\n</div>\n', '2014-08-03', '2015-08-20', 'live'),
(18, 'Investment Opportunities', 'investment-opportunities', '<p>\r\n<font color="#008000"><strong><u>Investment Opportunities</u></strong></font>\r\n</p>\r\n<p class="MsoListParagraphCxSpFirst">\r\nThe principal types of business enterprises in Kenya are:\r\n</p>\r\n<ul>\r\n <li>Registered Companies (Private and Public)</li>\r\n <li>Branch offices of companies registered outside Kenya</li>\r\n <li>Partnerships</li>\r\n <li>Sole Proprietorships; and</li>\r\n <li>Societies</li>\r\n</ul>\r\n<p>\r\n<strong><font color="#008000"><u>Company Registration</u></font></strong>\r\n</p>\r\n<p class="MsoListParagraphCxSpFirst">\r\nIn order to register your company, you will need to;\r\n</p>\r\n<ul>\r\n <li>Reserve a company name and get it approved Registrar of Companies</li>\r\n <li>Prepare the Memorandum of Association and Articles of Association.</li>\r\n <li>Complete &nbsp;various forms including Statement of Nominal Capital, Particulars of Directors and Shareholders, Situation of Registered Office and Certificate of a Lawyer involved in the Formation of the Company,&nbsp;</li>\r\n <li>Stamp the Memorandum of Association and Articles of Association and the Statement of Nominal Capital at the Lands Office together with payment of stamp duty on Nominal Capital.&nbsp;</li>\r\n <li>File all the forms together with one stamped copy of the Memorandum of Association and Articles of Association with the Registrar of Companies. &nbsp;</li>\r\n</ul>\r\n<p>\r\nYou will then be issued with a Certificate of Incorporation by the Registrar of Companies. For public companies, in addition to the Certificate of Incorporation, the Registrar will issue a Trading Certificate\r\n</p>\r\n<p class="MsoListParagraphCxSpFirst">\r\n<font color="#008000"><strong><u>Opening a branch office of an overseas company</u></strong></font>\r\n</p>\r\n<p class="MsoListParagraphCxSpFirst">\r\nAn overseas company wishing to open a branch office in Kenya should deliver the following to the Registrar of Companies:\r\n</p>\r\n<ul>\r\n <li>A certified copy of the Charter, Statutes or Memorandum and Articles of Association of the Company, or other instruments defining the constitution of the company;</li>\r\n <li>A list of the directors and secretary of the company, giving full names, nationality and other directorships of companies in Kenya;</li>\r\n <li>A statement of all existing charges entered into by the company affecting properties in Kenya;</li>\r\n <li>Names and postal addresses of one or more persons resident in Kenya authorised to accept, on behalf of the company, service of notices required to be served on the company;</li>\r\n <li>Full address of the registered or principal office of the company in its home country and;</li>\r\n <li>Full address of place of business in Kenya.</li>\r\n</ul>\r\n<p>\r\n<u><strong><font color="#008000">\r\nRegister with KenInvest\r\n</font></strong></u>\r\n</p>\r\n<p class="MsoListParagraphCxSpFirst">\r\nYou can reduce to reduce the bureaucracy you face in relation to licensing, immigration and negotiating tax incentives and exemptions from the relevant authorities by registering with us. In order to do this, you will need to;\r\n</p>\r\n<ul>\r\n <li>&nbsp;<span class="Apple-tab-span"> </span>Fill the Investment Application Form</li>\r\n <li>&nbsp;<span class="Apple-tab-span"> </span>Engage legal advice in Kenya.</li>\r\n <li>&nbsp;<span class="Apple-tab-span"> </span>Register Your business</li>\r\n <li>&nbsp;<span class="Apple-tab-span"> </span>Submit Application Form + Certificate of Incorporation + Articles and memorandum of association to KenInvest</li>\r\n <li>&nbsp;<span class="Apple-tab-span"> </span>Issue of The Investment License</li>\r\n</ul>\r\n<p>\r\nYou will be then be issued with an investment Certificate after your project has undergone an Environmental, Health and Security impact assessments depending on the sector.\r\n</p>\r\n', '2014-08-03', '2016-03-31', 'live'),
(19, 'Trade and Exports', 'trade-and-exports', '<p class="MsoListParagraphCxSpFirst">\n&nbsp;\n</p>\n', '2014-08-03', '2015-08-20', 'draft'),
(20, 'Resources', 'resources', 'resources page\n', '2014-08-03', '2014-08-12', 'draft'),
(21, 'Travel and Culture', 'travel-and-culture', 'travel and culture page\n', '2014-08-03', NULL, 'live'),
(22, 'Travel Introduction', 'travel-introduction', '<p>\n<img src="../../../../upvedacms/uploads/default/Image/kenyaconsulate/Kenya-Tourism.jpg" alt="Kenya'';;s Grandeur" title="Kenya'';;s Grandeur" width="600" height="300" />\n</p>\n<p>\nKenya - the name is almost synonymous with the word &quot;safari&quot;. Perhaps no other place on the planet conjures such a spirit of adventure and romance. For first-time visitors, the sheer diversity of things to do is dazzling. Wildlife, of course, is top on the list. Witness throngs of wildebeest thundering across the savanna during the Great Migration in Maasai Mara, come eye-to-eye with an elephant in Amboseli, or marvel at Lake Nakuru flecked with thousands of flamingoes. In these sun-soaked lands, ancient tribes such as the Maasai, Kikuyu, and Samburu retain their traditional customs, living in relative harmony with the natural world.\n</p>\n<p>\nBeyond the world-famous safari parks lies a trove of coastal treasures. Visitors can snorkel and dive fish-rich coral reefs, relax on pearly beaches, experience the melting pot of cultures and cuisines in Mombasa and Malindi, and explore tropical islands steeped in Swahili history.\n</p>\n<p>\nTopographically, Kenya is stunning. Surrounded by calderas and mountain ranges, the Great Rift Valley divides the country. To the east of this sweeping valley, visitors can climb the snow-cloaked equatorial peaks of Mount Kenya and fish for trout in crystal clear streams. Hell&#39;s Gate National Park harbors obsidian caves and hisses with natural geysers and hot springs. To experience the romance of Kenya&#39;s colorful colonial history captured in the film Out of Africa, head to Nairobi. This bustling capital is the gateway to one of the world&#39;s most evocative and exciting travel destinations.&nbsp;\n</p>\n', '2014-08-03', '2015-08-20', 'live'),
(23, 'Planning a Trip', 'planning-a-trip', '<p>\n<strong><u><font color="#008000">Planning a Trip</font></u></strong>\n</p>\n<p>\nKenya is a country in East Africa that lies on the equator. It has a land area of 580,000 km2 and a population of nearly 41 million (by 2010), representing 42 different peoples and cultures. The country is named after Mount Kenya, a significant landmark and second among Africa&#39;s highest mountain peaks. Neighbouring Kenya is the Indian Ocean to its south-east, Tanzania to the south, Uganda to the west, South Sudan to the north-west, Ethiopia to the north and Somalia to the north-east.\n</p>\n<p>\nKenya&#39;s capital city, Nairobi, is situated next to a national park. The country is famous for its safaris and diverse world-famous wildlife reserves such as Nairobi National Park, Tsavo National Park, the Maasai Mara, Nakuru National Park, and Aberdares National Park that attract tourists from all over the world.\n</p>\n<p>\n<strong><u><font color="#008000">Keeping informed</font></u></strong>\n</p>\n<p>\nAlways find out the location of your country Embassy or High Commission. It is also advisable to give them an itinerary of your travel plans. That way, your embassy will be able to contact you when necessary as well as keep you informed on what is going on in your country of origin and the rest of the world.\n</p>\n<p>\n<strong><u><font color="#008000">Vaccines</font></u></strong>\n</p>\n<p>\nKenya is a tropical country and has a number of tropical illnesses. Always be sure to find out all the necessary vaccines that you will need to take before you leave your country. Make sure you have vaccines for polio, yellow fever, meningitis, hepatitis, typhoid and malaria.\n</p>\n<p>\n<strong><u><font color="#008000">Climate</font></u></strong>\n</p>\n<p>\nBeing a tropical country, the climate in Kenya is generally very pleasant. The coastal region as well as the lake region is usually hot and humid. The rift valley and central highlands are cooler with heavy winds most of the time. Temperatures range from 17-30 degrees centigrade in most parts of the country. Click here to view weather forecast in Kenya.\n</p>\n<p>\n<strong><u><font color="#008000">Travel Insurance</font></u></strong>\n</p>\n<p>\nBefore leaving your country of origin, be sure to get insured for your luggage, health and travel. This will ensure that you do not get stranded in the case that anything should happen, such as losing your luggage.\n</p>\n<p>\n<strong><u><font color="#008000">Food &amp; Drink</font></u></strong>\n</p>\n<p>\nThere are very many types of eateries in Kenya, to suit every need and pocket. It is advisable to eat only from places, which are presentable and adhere to general hygiene standards. Ensure that your foods are well cooked as well, to minimize chances of food poisoning. Always wash your hands thoroughly before touching any food. Also ensure that your fruits and vegetables are thoroughly cleaned before you eat them. Nairobi tap water is generally considered fit for human consumption. However, It is advisable to drink only bottled water bought from reliable retailers.\n</p>\n<p>\n<strong><u><font color="#008000">Money</font></u></strong>\n</p>\n<p>\nThe national currency in Kenya is the Kenya shilling. It is found in coins of 5, 10, 20 and 40 shilling denominations, as well as notes of 50, 100, 200,500, 1,000 denominations. To get Kenyan shillings, it is advisable to make the exchanges in registered foreign exchange bureaus that are available everywhere. In certain places such as hotels and certain touristic sites, you might be able to use US dollars to make payments. Credit cards are also acceptable in several retail places to make payments.\n</p>\n<p>\n<strong><u><font color="#008000">Language</font></u></strong>\n</p>\n<p>\nEnglish is the official language in Kenya. Everybody who has been to school speaks it as it is the teaching language in all educational institutes in the country. Kiswahili, is also taught in the first 8 years of school and is the national language that unites all of the Kenyans. There are over 42 tribes in Kenya, each of which have their own tribal language. They originated from three main groups - Bantus, such as the Kikuyu, Kamba, Kisii, Embu, Meru, Luyhia, Mijikenda, Pokomo and Swahili; Cushites such as the Somali, Boran, Orma, and Boni; and Nilotes such as Maasai, Samburu, Luo, Teso, Kalenjin, Kipsigis and Pokot. Some of the most common ones are Kamba, Kalenjin, Kikuyu, Masai, Luo, Meru, Embu. Sheng is another language result of the combination of English, Kiswahili and Bantu tribal languages, this language primarily was used by the urban youths, nowadays it has spread across social classes, it is hard to differentiate from Kiswahili without knowing the language.\n</p>\n<strong></strong>\n', '2014-08-03', '2015-08-20', 'live'),
(24, 'Visas and Passports', 'visas-and-passports', '<p>\n<font color="#008000"><strong><u>Visas and Passports</u></strong>\n</font>\n</p>\n<p class="MsoNormal">\n<u><font color="#008000">\nCONSULAR INFORMATION AND TRAVEL VISA</font></u>\n</p>\n<p class="MsoNormal">\nA visa is required prior to entry into Kenya.\n</p>\n<p class="MsoNormal">\nThe government of Kenya has rolled out an online visa application portal accessible on https://www.ecitizen.go.ke/. In effect from <strong><u><font color="#008000">1st September 2015</font></u></strong> all visa applicants will be required to apply and pay for visas online to enter Kenya.\n</p>\n<p class="MsoNormal">\n<img src="../../../../upvedacms/uploads/default/Image/kenyaconsulate/visa.jpg" alt="Visa" title="Visa" width="400" height="484" />&nbsp;\n</p>\n<p class="MsoNormal">\nThe visas will be processed and sent online to the applicants(s).The applicant(s) will then be required to print out the approved visa and present it to an Immigration officer at the point of entry.\n</p>\n<p class="MsoNormal">\n&nbsp;\n</p>\n<ul>\n <li>Single Entry Visa (SJV) valid for three months from date of issue &ndash; US$ 50</li>\n <li>Multiple Entry Visa (MJV) &ndash; &nbsp;$110</li>\n <li>Transit Visa (TV) &ndash; $20.</li>\n</ul>\n<p>\n&nbsp;\n</p>\n<p class="MsoNormal">\nYou can also pay using Euros, GBP or Swiss Francs. All the visa requirements will apply to children under 16 years who were previously exempted from visa payment and other formalities.\n</p>\n<p class="MsoNormal">\nFor more information please check&nbsp;<a href="http://www.immigration.go.ke" target="_blank" title="Immigration Kenya">http://www.immigration.go.ke</a>\n</p>\n<p class="MsoNormal">\n&nbsp;\n</p>\n', '2014-08-04', '2015-08-20', 'live'),
(25, 'Business and Trade', 'business-and-trade', 'business and trade page\n', '2014-08-04', NULL, 'live');
INSERT INTO `up_pages` (`id`, `title`, `slug`, `description`, `ent_date`, `upd_date`, `status`) VALUES
(26, 'Cities and Towns', 'cities-and-towns', '<p class="MsoListParagraphCxSpFirst">\nSlovakia&#39;s cities and towns are neatly\ndistributed throughout the country, throughout several recognizable regions.\nBratislava in the southwest and Kosice in the east &ldquo;bookend&rdquo; most of the other\ntowns. Apart from these two mid-sized metropolitan areas, all of Slovakia\nconsists of a wide scattering of population centres of no more than 100,000,\neach with its own high-points of history, culture and recreation. This more or\nless even distribution of towns means that you&rsquo;re never more than from basic\ntravel infrastructure of reliable hotels and restaurants, and stores and petrol\nstations operated by western European multinationals. About two-thirds of the\ncountry&rsquo;s 5.5 million live in towns and villages of under 50,000 &ndash; but you&rsquo;ll\nfind trustworthy services from recognized providers even in the small towns.\n</p>\n<p class="MsoListParagraphCxSpMiddle">\n<strong><u><font color="#993366">Bratislava</font></u></strong>\n</p>\n<p class="MsoListParagraphCxSpMiddle">\n&nbsp;\n</p>\n<p class="MsoListParagraphCxSpMiddle">\nSlovakia&#39;s capital city is at last coming\nto life. Tourists are coming to love the freshly restored old town, now almost\nentirely closed to cars. Business of all kinds is booming in one of the\nEuropean Union&#39;s most rapidly-expanding capitals. The population of some\nhalf-million inhabitants is quickly adapting to its new role in the expanded\nEurope. And Vienna is an easy hour&rsquo;s travel away!\n</p>\n<p class="MsoListParagraphCxSpMiddle">\n<strong><u><font color="#993366">Kosice</font></u></strong>\n</p>\n<p class="MsoListParagraphCxSpMiddle">\n&nbsp;\n</p>\n<p class="MsoListParagraphCxSpMiddle">\nThis metropolis of Eastern Slovakia is a\nregional administrative centre and hub of industry (especially related to US\nSteel&rsquo;s giant plant), commerce, science and culture. The country&#39;s second\nlargest city, Kosice curently has a population of more than 250,000\ninhabitants. Several distinct ethnic groups enrich the city with their cultural\nactivities.\n</p>\n<p class="MsoListParagraphCxSpMiddle">\n&nbsp;\n</p>\n<p class="MsoListParagraphCxSpMiddle">\n<strong><u><font color="#993366">Presov</font></u></strong>\n</p>\n<p class="MsoListParagraphCxSpMiddle">\n&nbsp;\n</p>\n<p class="MsoListParagraphCxSpMiddle">\nThis, Slovakia&#39;s third largest city, has\nthe character of a small regional centre. Its reformation history is abundant,\nand it was in that period a focus of anti-empire sentiment. Materially,\nPresov&#39;s richest age was also this time of early renaissance, with its still\nvisible renaissance wealth coming from nearby opal mines, which have been\nclosed long ago, and salt mines, which continue to output plentifully.\n</p>\n<p class="MsoListParagraphCxSpMiddle">\n&nbsp;\n</p>\n<p class="MsoListParagraphCxSpMiddle">\n<strong><u><font color="#993366">Zilina</font></u></strong>\n</p>\n<p class="MsoListParagraphCxSpMiddle">\n&nbsp;\n</p>\n<p class="MsoListParagraphCxSpMiddle">\nThe most significant regional city in\nnorthwestern Slovakia. Its arcaded square is unique in architecture. The city\nis also a significant centre of native Slovak craft and culture. As is the case\nwith several other mid-size Slovak cities, Zilina is also becoming an\nincreasingly important centre of international manufacturing.\n</p>\n<p class="MsoListParagraphCxSpMiddle">\n&nbsp;\n</p>\n<p class="MsoListParagraphCxSpMiddle">\n<strong><u><font color="#993366">Banska Bystrica</font></u></strong>\n</p>\n<p class="MsoListParagraphCxSpMiddle">\n&nbsp;\n</p>\n<p class="MsoListParagraphCxSpMiddle">\nThis town is living heritage of the former\nfabulous riches of central Slovakia&#39;s mining culture. The gorgeous architecture\non the main square dates from the late middle ages and early renaissance, and\nwas financed by vast mining profits that then dominated its economy. More\nrecently, the Slovak National Uprising (or &quot;SNP&quot; after its\nabbreviation in Slovak) against the Nazi occupation during World War II defines\nits history, with Slovakia&#39;s largest museum on this subject located here.\n</p>\n<p class="MsoListParagraphCxSpMiddle">\n&nbsp;\n</p>\n<p class="MsoListParagraphCxSpMiddle">\n<strong><u><font color="#993366">Nitra</font></u></strong>\n</p>\n<p class="MsoListParagraphCxSpMiddle">\n&nbsp;\n</p>\n<p class="MsoListParagraphCxSpMiddle">\nSlovakia&#39;s oldest intact historical\nremnants, especially as related to the establishment of Christianity, are to be\nfound in this regional centre in western Slovakia. Today it is probably the\ncountry&#39;s most important focal point for agricultural activity, with a\nuniversity and an exhibition site founded for its advancement.\n</p>\n<p class="MsoListParagraphCxSpMiddle">\n&nbsp;\n</p>\n<p class="MsoListParagraphCxSpMiddle">\n<strong><u><font color="#993366">Trnava</font></u></strong>\n</p>\n<p class="MsoListParagraphCxSpMiddle">\n&nbsp;\n</p>\n<p class="MsoListParagraphCxSpMiddle">\nA half hour from Bratislava, is a small city\nwith a long history as a trading crossroads. Its most notable historic sites\nare its many churches and its length of intact city wall. Many smaller\nconcerns, international and domestic, also manufacture in the area.\n</p>\n<p class="MsoListParagraphCxSpMiddle">\n&nbsp;\n</p>\n<p class="MsoListParagraphCxSpMiddle">\n<strong><u><font color="#993366">Martin</font></u></strong>\n</p>\n<p class="MsoListParagraphCxSpMiddle">\n&nbsp;\n</p>\n<p class="MsoListParagraphCxSpMiddle">\nMartin is a gateway to much of\nnorth-central Slovakia, whether the end destination is skiing or other outdoor\nrecreation, folk festivals or the smaller spas in its region. It is also home\nto one of Slovakia&#39;s three medical schools.\n</p>\n<p class="MsoListParagraphCxSpMiddle">\n&nbsp;\n</p>\n<p class="MsoListParagraphCxSpMiddle">\n<strong><u><font color="#993366">Trencin</font></u></strong>\n</p>\n<p class="MsoListParagraphCxSpMiddle">\n&nbsp;\n</p>\n<p class="MsoListParagraphCxSpMiddle">\nTrencin&#39;s skyline is perhaps Slovakia&#39;s\nmost striking, created by a picturesque castle above a quaint town square.\nEncircled by forests and valleys, it is also quite close to the historic, and\nstill functioning, spa town of Trencianske Teplice.\n</p>\n<p class="MsoListParagraphCxSpMiddle">\n&nbsp;\n</p>\n<p class="MsoListParagraphCxSpMiddle">\n<strong><u><font color="#993366">Poprad</font></u></strong>\n</p>\n<p class="MsoListParagraphCxSpMiddle">\n&nbsp;\n</p>\n<p class="MsoListParagraphCxSpMiddle">\nTown&#39;s identity is closely tied to the High\nTatras mountains, with its excellent train, air and road connections into the\nTatras National Park. However, its history as a 13th-century German colony has\nleft its mark on the town&#39;s architecture, most visible in the significant\ngothic church on the main square.\n</p>\n<p class="MsoListParagraphCxSpMiddle">\n&nbsp;\n</p>\n<p class="MsoListParagraphCxSpMiddle">\n<strong><u><font color="#993366">Piestany</font></u></strong>\n</p>\n<p class="MsoListParagraphCxSpMiddle">\n&nbsp;\n</p>\n<p class="MsoListParagraphCxSpMiddle">\nThe quiet spa resort town of Piestany was\nfounded in the picturesque valley of the Vah River. The spa is renowned for\nsuccessful treatment of arthritis. Many treatment methods are based on the\nextraordinary therapeutic effects of the area&#39;s thermal springs and curative\nmud. Piestany boasts beautiful parks and recreational areas.\n</p>\n<p class="MsoListParagraphCxSpMiddle">\n&nbsp;\n</p>\n<p class="MsoListParagraphCxSpMiddle">\n<strong><u><font color="#993366">Bardejov</font></u></strong>\n</p>\n<p class="MsoListParagraphCxSpMiddle">\n&nbsp;\n</p>\n<p class="MsoListParagraphCxSpMiddle">\nRecipient of UNESCO&#39;s Gold Medal for\nMonument Preservation, Bardejov&#39;s square and city walls powerfully evoke to\nthis day the high middle ages. Developed by Germans at the king&#39;s invitation in\nthe 13th century, it became a focal point for craftsmen and early industry. The\nattractive spa town of Bardejovske Kupele lies in a nearby valley.\n</p>\n<p class="MsoListParagraphCxSpMiddle">\n&nbsp;\n</p>\n<p class="MsoListParagraphCxSpMiddle">\n<strong><u><font color="#993366">Banska Stiavnica</font></u></strong>\n</p>\n<p class="MsoListParagraphCxSpMiddle">\n&nbsp;\n</p>\n<p class="MsoListParagraphCxSpMiddle">\nA UNESCO Cultural Heritage site, this town\ngained recognition because the buildings of its historical core are almost all\nstill recognizable as centuries old. Surrounded by the scenic hills of central\nSlovakia, the wealth that once made the town great came primarily from the\nsilver mines in the vicinity.\n</p>\n<p class="MsoListParagraphCxSpMiddle">\n&nbsp;\n</p>\n<p class="MsoListParagraphCxSpMiddle">\n<strong><u><font color="#993366">Komarno</font></u></strong>\n</p>\n<p class="MsoListParagraphCxSpMiddle">\n&nbsp;\n</p>\n<p class="MsoListParagraphCxSpMiddle">\nWith its strategic position on the Danube,\nKomarno has a rich military history. Existing evidence of this is an intact and\nextensive earthen fortification built to fend of Napoleon&#39;s armies - you can\nwalk much of their lengthy circumference, and in several places climb the\nmounds and even peek inside. An attractive town square is also worth seeing.\nKomarno is distinctive for being one of the largest cities in Slovakia where\npeople of Hungarian background predominate. Its bridge makes for a gateway into\nHungary.\n</p>\n<p class="MsoListParagraphCxSpMiddle">\n&nbsp;\n</p>\n<p class="MsoListParagraphCxSpLast">\n&nbsp;\n</p>\n', '2014-08-12', '2014-08-12', 'live'),
(27, 'Tourist Destinations', 'tourist-destinations', '<p class="MsoListParagraphCxSpFirst">\n<strong><font color="#008000"><u>Northtern Kenya</u></font></strong>\n</p>\n<p class="MsoListParagraphCxSpFirst">\n<strong><font color="#008000"><u>Winlderness and Safari</u></font></strong>\n</p>\n<p class="MsoListParagraphCxSpFirst">\n<strong><font color="#008000"><u>Costal Kenya</u></font></strong>\n</p>\n<p class="MsoListParagraphCxSpFirst">\n<strong><font color="#008000"><u>Cities</u></font></strong>\n</p>\n<p class="MsoListParagraphCxSpFirst">\n<strong><font color="#008000"><u>Highlands and Valleys</u></font></strong>\n</p>\n<p class="MsoListParagraphCxSpFirst">\n<strong><font color="#008000"><u>Lakes and Forests&nbsp;</u></font></strong>\n</p>\n', '2014-08-12', '2015-08-20', 'live'),
(31, 'National Coat of Arms', 'national-coat-of-arms', '<div>\n<img src="../../../../upvedacms/uploads/default/Image/kenyaconsulate/Coat-of-arms-DETAILED-rgb.png" alt=" " width="250" height="235" align="left" />\n</div>\n<div>\nKenya&rsquo;s Coat of Arms was adopted in 1963 when the country became independent. It features two gold lions, one on either side of a Maasai shield with two crossed spears. The lions symbolise Kenya&rsquo;s wild- life and the courage of the people of Kenya to defend their country. The shield bears the colours of the national flag, the black top section symbolising Kenya&rsquo;s people, the green at the bottom representing the country&rsquo;s agriculture and natural resources, and the red in the middle section the struggle for independence.\n</div>\n<div>\n<br />\n</div>\n<div>\nIn the centre of the red section is a white rooster holding an axe, a symbol of the Kenya African National Union, then the dominant party. At the bottom of this ensem- ble is the national motto, Harambee, which signifies the spirit of cooperation or pulling together. In the background is a silhouette of Mt Kenya, while in the foreground are images of Kenya&rsquo;s agricultural pro- duce, including coffee, pyrethrum, sisal, tea, maize, and pineapples. The scroll containing the motto, Harambee, supports the coat of arms.\n</div>\n', '2015-08-20', '2015-08-20', 'live'),
(32, 'National Flag', 'national-flag', '<img  src="../../../../upvedacms/uploads/default/Image/kenyaconsulate/2000px-Flag_of_Kenya.svg.png" alt=" " width="340" height="227" align="left" />\n<div>\nThe Kenyan flag is based on that of Kenya African National Union and was adopted in December 12th 1963 as the country&#39;s flag. The colour black represents the people of the Republic of Kenya, red for the blood shed during the fight for freedom, green for the country&#39;s landscape; the white fimbriation was added later to symbolize peace and honesty. The black, red, and white traditional Maasai shield and two spears symbolize the defense of all the things mentioned above.\n</div>\n<div>\nThe Kenyan flag is based on the black over red over green flag of Kenya African National Union (KANU), the political party that led the fight for freedom and independence of Kenya. Upon independence, the white fimbriation, symbolizing peace and unity, and the shield were added. The meaning of the colours of the flag of Kenya match closely to those of the Pan-African flag adopted by the Universal Negro Improvement Association and African Communities League in 1920.\n</div>\n<div>\n<br />\n</div>\n', '2015-08-20', '2015-08-20', 'live'),
(33, 'National Anthem', 'national-anthem', '<div>\nThe tune of the Kenyan National Anthem was arranged in 1963 in preparation for Kenya&rsquo;s independence celebrations. The initial task began when Tom Mboya asked Kenyatta to pick an advisory committee to prepare the anthem. Those given the task were well- known musicians and professionals. These were the people behind the anthem:\n</div>\n<div>\na)<strong> George Senoga-Zake:</strong> He was a Ugandan national who was the first East African to enroll at the Licentiate of Royal Schools of Music (LRSM) in 1956. He later became a professor of music. An accomplished singer and distinguished author, Senoga-Zake was the first trained professional composer in East Africa and the first to pass the LRSM examination. On May 4, 1963, he was tasked with arranging the anthem as part of the National Anthem Commission. After completing his task, the Kenyan government awarded Senoga-Zake a three-year scholarship to study music at Trinity College of Music in London, where he majored in voice. He also trained in theory, brush and string instruments, counter point, and harmony. Upon his return, Senoga-Zake joined Kenyatta College, where he established the music department, and headed it for 13 years. After teaching for many years at the university, he was made a professor. He died in 2008.\n</div>\n<div>\n<br />\n</div>\n', '2015-08-20', '2015-08-20', 'live'),
(34, 'test1', 'test1', 'test\r\n', '2016-06-06', NULL, 'live'),
(35, 'test2', 'test2', 'test2\r\n', '2016-06-06', NULL, 'live'),
(36, 'test3', 'test3', 'test3\r\n', '2016-06-06', NULL, 'live');

-- --------------------------------------------------------

--
-- Table structure for table `up_permissions`
--

CREATE TABLE IF NOT EXISTS `up_permissions` (
  `id` int(11) NOT NULL AUTO_INCREMENT,
  `group_id` int(11) NOT NULL,
  `roles` text NOT NULL,
  PRIMARY KEY (`id`)
) ENGINE=InnoDB  DEFAULT CHARSET=latin1 AUTO_INCREMENT=2 ;

--
-- Dumping data for table `up_permissions`
--

INSERT INTO `up_permissions` (`id`, `group_id`, `roles`) VALUES
(1, 2, 'a:4:{i:1;s:1:"1";i:2;s:1:"2";i:3;s:1:"3";i:4;s:1:"4";}');

-- --------------------------------------------------------

--
-- Table structure for table `up_photos`
--

CREATE TABLE IF NOT EXISTS `up_photos` (
  `id` int(11) NOT NULL AUTO_INCREMENT,
  `name` varchar(255) NOT NULL,
  `category_id` int(255) NOT NULL,
  `attachment` varchar(255) NOT NULL,
  `description` text NOT NULL,
  `slug` varchar(255) NOT NULL,
  `ent_date` date NOT NULL,
  `upd_date` date DEFAULT NULL,
  `status` enum('draft','live') NOT NULL,
  PRIMARY KEY (`id`)
) ENGINE=MyISAM  DEFAULT CHARSET=latin1 AUTO_INCREMENT=49 ;

--
-- Dumping data for table `up_photos`
--

INSERT INTO `up_photos` (`id`, `name`, `category_id`, `attachment`, `description`, `slug`, `ent_date`, `upd_date`, `status`) VALUES
(13, 'Commencement of the Honorary Consulate in Indonesia', 6, '13.jpg', 'Commencement of the Honorary Consulate in Indonesia\n', 'commencement-of-the-honorary-consulate-in-indonesia', '2014-08-04', '2015-08-20', 'live'),
(47, 'Commencement of the Honorary Consulate in Indonesia', 6, '47.JPG', 'H.E Mr Bilal Asif with the honorable delegates\n', 'commencement-of-the-honorary-consulate-in-indonesia', '2015-08-20', NULL, 'live'),
(48, 'Mount Kenya', 7, '48.jpg', 'Mount Kenya in her Grandeur\n', 'mount-kenya', '2015-08-20', NULL, 'draft');

-- --------------------------------------------------------

--
-- Table structure for table `up_photoscategory`
--

CREATE TABLE IF NOT EXISTS `up_photoscategory` (
  `id` int(11) NOT NULL AUTO_INCREMENT,
  `name` varchar(255) NOT NULL,
  `slug` varchar(255) NOT NULL,
  `ent_date` date NOT NULL,
  `upd_date` date DEFAULT NULL,
  `status` enum('draft','live') NOT NULL,
  PRIMARY KEY (`id`)
) ENGINE=MyISAM  DEFAULT CHARSET=latin1 AUTO_INCREMENT=9 ;

--
-- Dumping data for table `up_photoscategory`
--

INSERT INTO `up_photoscategory` (`id`, `name`, `slug`, `ent_date`, `upd_date`, `status`) VALUES
(6, 'Opening of the Honorary Consulate', 'opening-of-the-honorary-consulate', '2014-08-04', NULL, 'live'),
(7, 'The Republic of Kenya', 'the-republic-of-kenya', '2014-08-04', '2015-08-20', 'live');

-- --------------------------------------------------------

--
-- Table structure for table `up_publication`
--

CREATE TABLE IF NOT EXISTS `up_publication` (
  `id` int(11) NOT NULL AUTO_INCREMENT,
  `name` varchar(255) CHARACTER SET utf8 COLLATE utf8_unicode_ci NOT NULL,
  `description` text NOT NULL,
  `attachment` varchar(255) NOT NULL,
  `ent_date` varchar(255) NOT NULL,
  `upd_date` varchar(255) NOT NULL,
  `status` enum('draft','live') NOT NULL DEFAULT 'draft',
  PRIMARY KEY (`id`)
) ENGINE=InnoDB  DEFAULT CHARSET=latin1 AUTO_INCREMENT=15 ;

--
-- Dumping data for table `up_publication`
--

INSERT INTO `up_publication` (`id`, `name`, `description`, `attachment`, `ent_date`, `upd_date`, `status`) VALUES
(3, 'Žiadosť o udelenie schengenského víza', '', '3.pdf', '2014-09-04', '', 'live'),
(4, 'Žiadosť o národné vízum ', '', '4.pdf', '2014-09-04', '', 'live'),
(5, 'Application for Schengen visa  ', '', '5.pdf', '2014-09-04', '', 'live'),
(6, 'Application for National Visa ', '', '6.pdf', '2014-09-04', '', 'live'),
(7, 'Demande de visa Schengen ', '', '7.pdf', '2014-09-04', '', 'live'),
(8, 'Solicitud de visado Schengen ', '', '8.pdf', '2014-09-04', '', 'live'),
(9, 'Заявление на предоставление национальной визы ', '', '9.pdf', '2014-09-04', '', 'live'),
(10, 'Заява для отримання Шенгенської візи  ', '', '10.pdf', '2014-09-04', '', 'live'),
(11, 'Antrag auf erteilung eines schengen visums  ', '', '11.pdf', '2014-09-04', '', 'live'),
(12, 'Заява на отримання національної візи ', '', '12.pdf', '2014-09-04', '', 'live'),
(13, 'Заявление о предоставлении шенгенской визы ', '', '13.pdf', '2014-09-04', '', 'live'),
(14, 'Žiadosť o schengenske vízum v tureckom jazyku  ', '', '14.pdf', '2014-09-04', '', 'live');

-- --------------------------------------------------------

--
-- Table structure for table `up_settings`
--

CREATE TABLE IF NOT EXISTS `up_settings` (
  `id` int(11) NOT NULL,
  `site_name` varchar(255) NOT NULL,
  `meta_topic` varchar(255) NOT NULL,
  `meta_data` varchar(255) NOT NULL,
  `contact_email` varchar(255) NOT NULL,
  `date_format` varchar(255) NOT NULL,
  `frontend_enabled` enum('open','closed') NOT NULL DEFAULT 'open',
  `unavailable_message` text NOT NULL,
  `favicon` varchar(255) NOT NULL,
  `logo` varchar(255) NOT NULL
) ENGINE=InnoDB DEFAULT CHARSET=latin1;

--
-- Dumping data for table `up_settings`
--

INSERT INTO `up_settings` (`id`, `site_name`, `meta_topic`, `meta_data`, `contact_email`, `date_format`, `frontend_enabled`, `unavailable_message`, `favicon`, `logo`) VALUES
(1, 'Honorary Consulate of the  Republic of Kenya in Indonesia', 'Honorary Consulate of the  Republic of Kenya in Indonesia', 'Honorary Consulate of the  Republic of Kenya in Indonesia', 'info@hckenya.com', 'F j, Y', 'open', 'Sorry, this website is currently unavailable. Please try again later. Thank You!', 'favicon.png', 'logo.png');

-- --------------------------------------------------------

--
-- Table structure for table `up_users`
--

CREATE TABLE IF NOT EXISTS `up_users` (
  `id` bigint(20) unsigned NOT NULL AUTO_INCREMENT,
  `email` varchar(100) COLLATE utf8_unicode_ci NOT NULL,
  `display_name` varchar(100) COLLATE utf8_unicode_ci NOT NULL,
  `username` varchar(20) COLLATE utf8_unicode_ci NOT NULL,
  `password` text COLLATE utf8_unicode_ci NOT NULL,
  `group_id` int(11) DEFAULT NULL,
  `activation_code` varchar(40) COLLATE utf8_unicode_ci DEFAULT NULL,
  `created_on` int(11) NOT NULL,
  `last_login` int(11) DEFAULT NULL,
  PRIMARY KEY (`id`),
  UNIQUE KEY `email` (`email`),
  UNIQUE KEY `username` (`username`)
) ENGINE=InnoDB  DEFAULT CHARSET=utf8 COLLATE=utf8_unicode_ci COMMENT='Registered User Information' AUTO_INCREMENT=4 ;

--
-- Dumping data for table `up_users`
--

INSERT INTO `up_users` (`id`, `email`, `display_name`, `username`, `password`, `group_id`, `activation_code`, `created_on`, `last_login`) VALUES
(1, 'bibek.munikar@gmail.com', 'Bibek', 'admin', 'c2bc653ba87b56385b77c0fd8992545e09bf5b1985ae2d6e32be8de8c79bdd2a73dd16538f4a905aca9a5a61eb3eb70d3f62fc3a55284198d9de813273797e6b', 2, NULL, 1390966800, 1390966800),
(2, 'drpunkrocker@yahoo.com', 'Sachit Karki', 'user', '51652bc5b4cf8c24632aeec82ff54f934fa15ade5de2706b66e45dacd8e59ce85b93a9d6dedb32b7038008fa573cc4c04d7f527cfe742a3ea227109615e743a4', 2, NULL, 1390966800, 1390966800),
(3, 'ashish@gmail.com', 'Aashish', 'Aashish', 'fd26003fe5fabaa79de2a4009f03ffe9e08e1048ceb794e4a28598eb82687e0530034dd414ae07d26c45bcffb772634d9a1d39407fa1ff150821d990035a181f', 1, NULL, 2015, NULL);

-- --------------------------------------------------------

--
-- Table structure for table `up_users_groups`
--

CREATE TABLE IF NOT EXISTS `up_users_groups` (
  `id` int(11) NOT NULL AUTO_INCREMENT,
  `name` varchar(100) COLLATE utf8_unicode_ci NOT NULL,
  PRIMARY KEY (`id`)
) ENGINE=InnoDB  DEFAULT CHARSET=utf8 COLLATE=utf8_unicode_ci AUTO_INCREMENT=3 ;

--
-- Dumping data for table `up_users_groups`
--

INSERT INTO `up_users_groups` (`id`, `name`) VALUES
(1, 'admin'),
(2, 'user');

-- --------------------------------------------------------

--
-- Table structure for table `up_users_profiles`
--

CREATE TABLE IF NOT EXISTS `up_users_profiles` (
  `id` bigint(20) NOT NULL AUTO_INCREMENT,
  `created` datetime DEFAULT NULL,
  `updated` datetime DEFAULT NULL,
  `created_by` int(11) DEFAULT NULL,
  `user_id` int(11) unsigned NOT NULL,
  `first_name` varchar(50) COLLATE utf8_unicode_ci NOT NULL,
  `last_name` varchar(50) COLLATE utf8_unicode_ci NOT NULL,
  `bio` text COLLATE utf8_unicode_ci,
  `dob` int(11) DEFAULT NULL,
  `gender` enum('m','f') COLLATE utf8_unicode_ci DEFAULT NULL,
  `phone` varchar(20) COLLATE utf8_unicode_ci DEFAULT NULL,
  `mobile` varchar(20) COLLATE utf8_unicode_ci DEFAULT NULL,
  `address` varchar(255) COLLATE utf8_unicode_ci DEFAULT NULL,
  `updated_on` int(11) unsigned DEFAULT NULL,
  PRIMARY KEY (`id`)
) ENGINE=MyISAM  DEFAULT CHARSET=utf8 COLLATE=utf8_unicode_ci AUTO_INCREMENT=2 ;

--
-- Dumping data for table `up_users_profiles`
--

INSERT INTO `up_users_profiles` (`id`, `created`, `updated`, `created_by`, `user_id`, `first_name`, `last_name`, `bio`, `dob`, `gender`, `phone`, `mobile`, `address`, `updated_on`) VALUES
(1, NULL, NULL, NULL, 1, 'sachit', 'karki', NULL, NULL, NULL, NULL, NULL, NULL, NULL);

/*!40101 SET CHARACTER_SET_CLIENT=@OLD_CHARACTER_SET_CLIENT */;
/*!40101 SET CHARACTER_SET_RESULTS=@OLD_CHARACTER_SET_RESULTS */;
/*!40101 SET COLLATION_CONNECTION=@OLD_COLLATION_CONNECTION */;
